tr_code_2015,date,Room nights occupied (no.),Room nights available (no.),Room occupancy rate (%),Guest nights occupied (no.),Guest nights available (no.),Bed occupancy rate (%),Takings from accommodation ($),Average takings per room night occupied ($),Average takings per room night available ($)
7R010,2015-07-01,127303,153760,82.8,200361,396755,50.5,27694280,217.55,180.11
7R050,2015-07-01,,,,,,,,,
7R070,2015-07-01,30078,42408,70.9,53245,122078,43.6,3651501,121.4,86.1
7R100,2015-07-01,12696,20367,62.3,25635,58559,43.8,2297688,180.98,112.81
7R110,2015-07-01,11256,14477,77.8,18198,43400,41.9,1661154,147.57,114.74
7R140,2015-07-01,,,,,,,,,
7R150,2015-07-01,22017,27710,79.5,50632,93378,54.2,5884556,267.27,212.36
7R010,2015-08-01,121317,158360,76.6,187206,407818,45.9,25353358,208.98,160.1
7R050,2015-08-01,,,,,,,,,
7R070,2015-08-01,31399,42408,74,54102,122078,44.3,3935750,125.35,92.81
7R100,2015-08-01,12202,20367,59.9,21955,58559,37.5,2143408,175.65,105.24
7R110,2015-08-01,11082,14477,76.5,17023,43400,39.2,1682125,151.79,116.19
7R140,2015-08-01,,,,,,,,,
7R150,2015-08-01,23092,27710,83.3,50068,93378,53.6,6232979,269.92,224.94
7R010,2015-09-01,112065,154800,72.4,162989,398386,40.9,21669241,193.36,139.98
7R050,2015-09-01,,,,,,,,,
7R070,2015-09-01,29461,41040,71.8,47508,118140,40.2,3595801,122.05,87.62
7R100,2015-09-01,10142,19710,51.5,17478,56670,30.8,1544344,152.27,78.35
7R110,2015-09-01,9629,14010,68.7,14864,42000,35.4,1457132,151.32,104.01
7R140,2015-09-01,,,,,,,,,
7R150,2015-09-01,22172,26940,82.3,45053,90780,49.6,5582715,251.79,207.23
7R010,2015-10-01,100875,159526,63.2,143160,412587,34.7,15859116,157.22,99.41
7R050,2015-10-01,,,,,,,,,
7R070,2015-10-01,28393,42408,67,45990,122078,37.7,3376529,118.92,79.62
7R100,2015-10-01,9738,19623,49.6,14795,56575,26.2,1295416,133.02,66.02
7R110,2015-10-01,8962,14477,61.9,13851,43338,32,1258200,140.39,86.91
7R140,2015-10-01,,,,,,,,,
7R150,2015-10-01,21423,27710,77.3,44663,93378,47.8,5803589,270.9,209.44
7R010,2015-11-01,86103,154380,55.8,119460,399278,29.9,12144182,141.04,78.66
7R050,2015-11-01,,,,,,,,,
7R070,2015-11-01,25412,41040,61.9,39852,118140,33.7,2851087,112.19,69.47
7R100,2015-11-01,6731,18990,35.4,9672,54750,17.7,873126,129.72,45.98
7R110,2015-11-01,8020,14010,57.2,12779,41940,30.5,1074514,133.98,76.7
7R140,2015-11-01,,,,,,,,,
7R150,2015-11-01,18755,26940,69.6,38376,90780,42.3,4983831,265.73,185
7R010,2015-12-01,71774,159526,45,106807,412587,25.9,9808393,136.66,61.48
7R050,2015-12-01,,,,,,,,,
7R070,2015-12-01,18273,42408,43.1,30541,122078,25,2086478,114.18,49.2
7R100,2015-12-01,5313,19623,27.1,7674,56575,13.6,714969,134.57,36.44
7R110,2015-12-01,5488,14477,37.9,9101,43338,21,846360,154.21,58.46
7R140,2015-12-01,,,,,,,,,
7R150,2015-12-01,15532,27710,56.1,32107,93378,34.4,3955176,254.65,142.73
7R010,2016-01-01,64998,156367,41.6,96236,404084,23.8,8653367,133.13,55.34
7R050,2016-01-01,,,,,,,,,
7R070,2016-01-01,17554,42408,41.4,29256,122078,24,1988481,113.28,46.89
7R100,2016-01-01,5076,19623,25.9,7336,56575,13,645899,127.25,32.92
7R110,2016-01-01,4376,14477,30.2,7330,43338,16.9,684309,156.38,47.27
7R140,2016-01-01,,,,,,,,,
7R150,2016-01-01,16492,27772,59.4,31818,93564,34,3847996,233.33,138.56
7R010,2016-02-01,73629,147447,49.9,99254,381932,26,9732916,132.19,66.01
7R050,2016-02-01,,,,,,,,,
7R070,2016-02-01,23977,39672,60.4,37169,114202,32.5,2642160,110.2,66.6
7R100,2016-02-01,5162,18333,28.2,7418,52845,14,667675,129.35,36.42
7R110,2016-02-01,4781,13517,35.4,7664,40462,18.9,653744,136.74,48.36
7R140,2016-02-01,,,,,,,,,
7R150,2016-02-01,17507,26100,67.1,34181,87928,38.9,4208056,240.36,161.23
7R010,2016-03-01,82847,158317,52.3,121936,410144,29.7,10943485,132.09,69.12
7R050,2016-03-01,,,,,,,,,
7R070,2016-03-01,26549,42408,62.6,41978,122078,34.4,3132595,117.99,73.87
7R100,2016-03-01,6046,19623,30.8,9580,56575,16.9,688496,113.87,35.09
7R110,2016-03-01,6406,14477,44.3,10197,43338,23.5,707310,110.41,48.86
7R140,2016-03-01,,,,,,,,,
7R150,2016-03-01,19945,27772,71.8,41617,93564,44.5,4814806,241.4,173.37
7R010,2016-04-01,91204,157170,58,131513,409536,32.1,12746850,139.76,81.1
7R050,2016-04-01,,,,,,,,,
7R070,2016-04-01,26236,41040,63.9,42371,118140,35.9,3381326,128.88,82.39
7R100,2016-04-01,7308,19680,37.1,12448,56820,21.9,882423,120.75,44.84
7R110,2016-04-01,7338,13980,52.5,11719,41850,28,1044312,142.32,74.7
7R140,2016-04-01,,,,,,,,,
7R150,2016-04-01,20948,27000,77.6,45682,90960,50.2,5408355,258.18,200.31
7R010,2016-05-01,109105,162409,67.2,159432,423187,37.7,17834982,163.47,109.82
7R050,2016-05-01,,,,,,,,,
7R070,2016-05-01,29124,42408,68.7,49338,122078,40.4,3963632,136.1,93.46
7R100,2016-05-01,9375,20336,46.1,15699,58714,26.7,1122462,119.73,55.2
7R110,2016-05-01,8302,14446,57.5,12715,43245,29.4,1091515,131.48,75.56
7R140,2016-05-01,,,,,,,,,
7R150,2016-05-01,21341,27772,76.8,45863,93564,49,5381378,252.16,193.77
7R010,2016-06-01,116634,157170,74.2,181201,409536,44.2,22348187,191.61,142.19
7R050,2016-06-01,,,,,,,,,
7R070,2016-06-01,30593,41040,74.5,51505,118140,43.6,4471413,146.16,108.95
7R100,2016-06-01,10722,19680,54.5,18916,56820,33.3,1583063,147.64,80.44
7R110,2016-06-01,10155,13980,72.6,15844,41850,37.9,1397873,137.65,99.99
7R140,2016-06-01,,,,,,,,,
7R150,2016-06-01,21868,27000,81,48536,90960,53.4,5865729,268.23,217.25
5R120,2015-07-01,257341,365854,70.3,393668,939967,41.9,47834423,185.88,130.75
5R130,2015-07-01,27321,62496,43.7,36222,154876,23.4,3695102,135.25,59.13
5R140,2015-07-01,47198,106888,44.2,91105,330925,27.5,6449380,136.65,60.34
5R160,2015-07-01,81746,128667,63.5,126224,297630,42.4,15885137,194.32,123.46
5R170,2015-07-01,28129,48329,58.2,57468,148924,38.6,4915296,174.74,101.7
5R120,2015-08-01,271596,370055,73.4,408031,948679,43,51329788,188.99,138.71
5R130,2015-08-01,30183,62496,48.3,37898,154876,24.5,4240578,140.49,67.85
5R140,2015-08-01,43318,106888,40.5,78781,330925,23.8,6244944,144.17,58.43
5R160,2015-08-01,84245,128602,65.5,122309,297505,41.1,16059085,190.62,124.87
5R170,2015-08-01,26530,48329,54.9,46338,148924,31.1,4209284,158.66,87.1
5R120,2015-09-01,272959,350649,77.8,415304,901234,46.1,54010268,197.87,154.03
5R130,2015-09-01,34335,60480,56.8,46208,149880,30.8,4490292,130.78,74.24
5R140,2015-09-01,50661,104040,48.7,94672,321450,29.5,7476379,147.58,71.86
5R160,2015-09-01,73402,125370,58.5,106048,289420,36.6,13300009,181.19,106.09
5R170,2015-09-01,28240,46770,60.4,51164,144120,35.5,4556512,161.35,97.42
5R120,2015-10-01,276367,362405,76.3,421198,931116,45.2,53752278,194.5,148.32
5R130,2015-10-01,36735,62589,58.7,46253,155589,29.7,4786114,130.29,76.47
5R140,2015-10-01,58259,108438,53.7,111939,334211,33.5,8796380,150.99,81.12
5R160,2015-10-01,63561,127734,49.8,90314,296389,30.5,10702712,168.39,83.79
5R170,2015-10-01,26322,48701,54,47848,150133,31.9,4211835,160.01,86.48
5R120,2015-11-01,284105,351394,80.9,426243,902574,47.2,56849315,200.1,161.78
5R130,2015-11-01,31211,60570,51.5,38279,150570,25.4,3852275,123.43,63.6
5R140,2015-11-01,57848,104940,55.1,106362,323430,32.9,9019100,155.91,85.95
5R160,2015-11-01,53320,123774,43.1,69809,287108,24.3,8029774,150.6,64.87
5R170,2015-11-01,21291,47130,45.2,35206,145290,24.2,3232292,151.82,68.58
5R120,2015-12-01,251982,363420,69.3,416077,933146,44.6,48485270,192.42,133.41
5R130,2015-12-01,26140,62589,41.8,35431,155589,22.8,3301720,126.31,52.75
5R140,2015-12-01,60607,108438,55.9,126626,334211,37.9,10843531,178.91,100
5R160,2015-12-01,47457,127734,37.2,65466,295281,22.2,7346936,154.81,57.52
5R170,2015-12-01,23173,48701,47.6,44536,150133,29.7,3690858,159.27,75.79
5R120,2016-01-01,248098,365127,67.9,417448,938309,44.5,45386404,182.94,124.3
5R130,2016-01-01,26098,62651,41.7,37757,155868,24.2,3465446,132.79,55.31
5R140,2016-01-01,66694,107880,61.8,144914,332971,43.5,12322313,184.76,114.22
5R160,2016-01-01,42603,126832,33.6,59418,292027,20.3,6189567,145.29,48.8
5R170,2016-01-01,21925,48763,45,43455,150319,28.9,3482391,158.83,71.41
5R120,2016-02-01,263622,342122,77.1,398964,878619,45.4,51681677,196.04,151.06
5R130,2016-02-01,26602,58486,45.5,33301,145525,22.9,3337989,125.48,57.07
5R140,2016-02-01,54664,100798,54.2,97076,311162,31.2,8622103,157.73,85.54
5R160,2016-02-01,44891,119337,37.6,56002,274817,20.4,6564431,146.23,55.01
5R170,2016-02-01,18485,45581,40.6,29927,140503,21.3,2747180,148.61,60.27
5R120,2016-03-01,275360,366334,75.2,429470,940723,45.7,53101347,192.84,144.95
5R130,2016-03-01,30007,62651,47.9,38378,155868,24.6,3664901,122.13,58.5
5R140,2016-03-01,61441,107880,57,116358,332971,34.9,9867844,160.61,91.47
5R160,2016-03-01,49089,127145,38.6,67868,293072,23.2,7407469,150.9,58.26
5R170,2016-03-01,24551,48763,50.3,43357,150319,28.8,3959273,161.27,81.19
5R120,2016-04-01,259799,353192,73.6,400487,901100,44.4,53157139,204.61,150.5
5R130,2016-04-01,30341,60480,50.2,39944,150930,26.5,3710191,122.28,61.35
5R140,2016-04-01,56760,103440,54.9,109604,321210,34.1,9073031,159.85,87.71
5R160,2016-04-01,56919,124464,45.7,81873,287708,28.5,9025512,158.57,72.52
5R170,2016-04-01,26885,47490,56.6,51835,146370,35.4,4765932,177.27,100.36
5R120,2016-05-01,247349,364777,67.8,363778,930699,39.1,44997589,181.92,123.36
5R130,2016-05-01,32342,62496,51.8,39504,155961,25.3,3863234,119.45,61.82
5R140,2016-05-01,44592,106888,41.7,77411,331917,23.3,6150266,137.92,57.54
5R160,2016-05-01,64727,128663,50.3,90354,297361,30.4,10939264,169.01,85.02
5R170,2016-05-01,24980,49073,50.9,41182,151249,27.2,4226239,169.19,86.12
5R120,2016-06-01,236039,353557,66.8,359506,901830,39.9,41631968,176.38,117.75
5R130,2016-06-01,31246,60480,51.7,38003,150930,25.2,3781462,121.02,62.52
5R140,2016-06-01,44189,102840,43,78693,320010,24.6,6175980,139.76,60.05
5R160,2016-06-01,71021,124464,57.1,103634,287708,36,13027993,183.44,104.67
5R170,2016-06-01,24315,47490,51.2,42290,146370,28.9,4088413,168.15,86.09
3R010,2015-07-01,313236,433964,72.2,700031,1324955,52.8,50252413,160.43,115.8
3R020,2015-07-01,356295,483615,73.7,581472,1284168,45.3,65604363,184.13,135.65
3R030,2015-07-01,115670,187426,61.7,265018,644521,41.1,19317080,167,103.07
3R040,2015-07-01,25702,45780,56.1,53472,157177,34,3126864,121.66,68.3
3R060,2015-07-01,49225,103881,47.4,74639,287711,25.9,6395404,129.92,61.56
3R070,2015-07-01,15312,26567,57.6,23816,81220,29.3,2044083,133.49,76.94
3R080,2015-07-01,78443,150629,52.1,121766,409200,29.8,11182851,142.56,74.24
3R090,2015-07-01,37175,83111,44.7,52283,216370,24.2,4961866,133.47,59.7
3R100,2015-07-01,52964,71827,73.7,129644,231353,56,12258418,231.45,170.67
3R110,2015-07-01,63926,95147,67.2,106226,258881,41,8696548,136.04,91.4
3R120,2015-07-01,264703,345015,76.7,556634,1021720,54.5,42148725,159.23,122.16
3R140,2015-07-01,20013,33976,58.9,30415,95108,32,2498203,124.83,73.53
3R160,2015-07-01,30102,41819,72,74524,123411,60.4,9195701,305.48,219.89
3R010,2015-08-01,301581,433667,69.5,646986,1324263,48.9,45793773,151.85,105.6
3R020,2015-08-01,338143,484245,69.8,536790,1285561,41.8,57232390,169.25,118.19
3R030,2015-08-01,119354,187426,63.7,255653,644521,39.7,20308489,170.15,108.35
3R040,2015-08-01,27912,45780,61,53568,157177,34.1,3203338,114.77,69.97
3R060,2015-08-01,49324,103881,47.5,73114,287711,25.4,6418135,130.12,61.78
3R070,2015-08-01,14298,26567,53.8,21626,81220,26.6,1886921,131.97,71.02
3R080,2015-08-01,73399,150629,48.7,108251,409200,26.5,10342401,140.91,68.66
3R090,2015-08-01,40458,83111,48.7,54304,216370,25.1,5385750,133.12,64.8
3R100,2015-08-01,53526,71827,74.5,122029,231353,52.7,12984693,242.59,180.78
3R110,2015-08-01,63164,95953,65.8,101831,261051,39,8208879,129.96,85.55
3R120,2015-08-01,272501,344835,79,549788,1021110,53.8,42521552,156.04,123.31
3R140,2015-08-01,17847,33976,52.5,26915,95108,28.3,2372035,132.91,69.82
3R160,2015-08-01,30893,41819,73.9,70472,123411,57.1,9955067,322.24,238.05
3R010,2015-09-01,319283,422054,75.6,737708,1287070,57.3,54938846,172.07,130.17
3R020,2015-09-01,346895,472790,73.4,546675,1255939,43.5,59476504,171.45,125.8
3R030,2015-09-01,123979,181380,68.4,297726,623730,47.7,24573904,198.21,135.48
3R040,2015-09-01,29222,46200,63.3,61316,159030,38.6,3701072,126.65,80.11
3R060,2015-09-01,53695,100530,53.4,81258,278430,29.2,7303493,136.02,72.65
3R070,2015-09-01,14730,25710,57.3,23082,78600,29.4,2010291,136.47,78.19
3R080,2015-09-01,70368,145770,48.3,113242,396000,28.6,10327817,146.77,70.85
3R090,2015-09-01,39137,80430,48.7,55454,209391,26.5,5267972,134.6,65.5
3R100,2015-09-01,53804,69510,77.4,133029,223890,59.4,14592696,271.22,209.94
3R110,2015-09-01,59003,94470,62.5,95991,257040,37.3,7423951,125.82,78.59
3R120,2015-09-01,247246,339809,72.8,491173,1009848,48.6,38449111,155.51,113.15
3R140,2015-09-01,17283,32880,52.6,26778,92040,29.1,2209005,127.81,67.18
3R160,2015-09-01,32574,40470,80.5,82333,119430,68.9,11531689,354.02,284.94
3R010,2015-10-01,341232,434225,78.6,767870,1328198,57.8,60117236,176.18,138.45
3R020,2015-10-01,356888,489815,72.9,566140,1319032,42.9,61846759,173.29,126.27
3R030,2015-10-01,127862,187457,68.2,301434,645296,46.7,24586455,192.29,131.16
3R040,2015-10-01,26368,45811,57.6,52729,157456,33.5,3249955,123.25,70.94
3R060,2015-10-01,53320,103344,51.6,77279,287127,26.9,6843296,128.34,66.22
3R070,2015-10-01,14816,26567,55.8,22627,81468,27.8,2029695,136.99,76.4
3R080,2015-10-01,73066,150058,48.7,114212,407881,28,10753899,147.18,71.66
3R090,2015-10-01,34481,83111,41.5,49089,215897,22.7,4600546,133.42,55.35
3R100,2015-10-01,54516,71920,75.8,127588,231911,55,14699387,269.64,204.39
3R110,2015-10-01,54967,96139,57.2,88421,261392,33.8,6851117,124.64,71.26
3R120,2015-10-01,237125,344246,68.9,461658,1019377,45.3,34390393,145.03,99.9
3R140,2015-10-01,15169,34379,44.1,23262,95759,24.3,1937757,127.75,56.36
3R160,2015-10-01,34271,41850,81.9,81012,123659,65.5,11959768,348.98,285.78
3R010,2015-11-01,311439,420516,74.1,711217,1286036,55.3,50702378,162.8,120.57
3R020,2015-11-01,355995,475088,74.9,541585,1279109,42.3,63044129,177.09,132.7
3R030,2015-11-01,111440,183759,60.6,248797,629845,39.5,21209227,190.32,115.42
3R040,2015-11-01,21902,44550,49.2,41464,153168,27.1,2569235,117.31,57.67
3R060,2015-11-01,47643,100170,47.6,66486,278310,23.9,6194924,130.03,61.84
3R070,2015-11-01,13115,25710,51,19980,78840,25.3,1786732,136.24,69.5
3R080,2015-11-01,66178,144720,45.7,98743,393030,25.1,9584938,144.84,66.23
3R090,2015-11-01,32987,82350,40.1,45065,215533,20.9,4320434,130.97,52.46
3R100,2015-11-01,48370,69600,69.5,111716,224430,49.8,12884832,266.38,185.13
3R110,2015-11-01,49346,93222,52.9,78270,253464,30.9,6111641,123.85,65.56
3R120,2015-11-01,209115,332222,62.9,386580,984317,39.3,27141263,129.79,81.7
3R140,2015-11-01,12363,32460,38.1,16649,90120,18.5,1532928,124,47.23
3R160,2015-11-01,31736,40500,78.4,72874,119670,60.9,10698521,337.11,264.16
3R010,2015-12-01,326479,436304,74.8,797523,1333042,59.8,67802525,207.68,155.4
3R020,2015-12-01,321219,490313,65.5,555673,1320454,42.1,53900266,167.8,109.93
3R030,2015-12-01,131360,189968,69.1,341725,651031,52.5,29907600,227.68,157.43
3R040,2015-12-01,28305,46995,60.2,64434,162156,39.7,4457329,157.47,94.85
3R060,2015-12-01,37373,103509,36.1,57788,287587,20.1,5042265,134.92,48.71
3R070,2015-12-01,13721,26567,51.6,25125,81468,30.8,2022054,147.37,76.11
3R080,2015-12-01,59393,149544,39.7,99445,406131,24.5,9042589,152.25,60.47
3R090,2015-12-01,30150,85095,35.4,45848,222717,20.6,3915974,129.88,46.02
3R100,2015-12-01,49643,71920,69,126212,231911,54.4,15758520,317.44,219.11
3R110,2015-12-01,47774,96979,49.3,85725,263858,32.5,5859128,122.64,60.42
3R120,2015-12-01,197322,344780,57.2,403825,1024786,39.4,27971873,141.76,81.13
3R140,2015-12-01,10203,33542,30.4,15370,93124,16.5,1210659,118.65,36.09
3R160,2015-12-01,32824,41850,78.4,85043,123659,68.8,13260728,403.99,316.86
3R010,2016-01-01,354556,431311,82.2,868210,1320603,65.7,74883350,211.2,173.62
3R020,2016-01-01,290200,489009,59.3,502858,1309596,38.4,43536738,150.02,89.03
3R030,2016-01-01,139069,189813,73.3,364194,650256,56,31153256,224.01,164.13
3R040,2016-01-01,25201,45842,55,63865,157766,40.5,3427266,136,74.76
3R060,2016-01-01,37369,103323,36.2,56675,286595,19.8,4874682,130.45,47.18
3R070,2016-01-01,13630,26629,51.2,24721,81561,30.3,1885500,138.33,70.81
3R080,2016-01-01,52117,144429,36.1,88691,398288,22.3,7610435,146.03,52.69
3R090,2016-01-01,26835,84475,31.8,40832,220502,18.5,3466523,129.18,41.04
3R100,2016-01-01,52776,71393,73.9,136531,230082,59.3,16253831,307.98,227.67
3R110,2016-01-01,41541,96639,43,73833,262483,28.1,4926519,118.59,50.98
3R120,2016-01-01,193913,343147,56.5,403135,1018956,39.6,27031843,139.4,78.78
3R140,2016-01-01,9183,33480,27.4,14414,93031,15.5,1108377,120.7,33.11
3R160,2016-01-01,32852,41726,78.7,87566,122326,71.6,13298162,404.79,318.7
3R010,2016-02-01,297507,403324,73.8,645430,1234470,52.3,48052776,161.52,119.14
3R020,2016-02-01,320705,461900,69.4,488406,1233879,39.6,52353454,163.25,113.34
3R030,2016-02-01,96606,176958,54.6,205228,606255,33.9,17143679,177.46,96.88
3R040,2016-02-01,20204,43231,46.7,38504,148907,25.9,2337856,115.71,54.08
3R060,2016-02-01,44149,96177,45.9,61686,266862,23.1,5800378,131.38,60.31
3R070,2016-02-01,14259,24819,57.5,21651,76061,28.5,1845386,129.42,74.35
3R080,2016-02-01,54427,134829,40.4,77750,371815,20.9,7582073,139.31,56.23
3R090,2016-02-01,28971,78607,36.9,38873,205240,18.9,3657453,126.24,46.53
3R100,2016-02-01,41301,66743,61.9,93599,215107,43.5,11312852,273.91,169.5
3R110,2016-02-01,43164,90094,47.9,66105,245188,27,4830807,111.92,53.62
3R120,2016-02-01,182343,321724,56.7,339673,956154,35.5,24147035,132.43,75.06
3R140,2016-02-01,10400,31186,33.3,14160,86625,16.3,1228103,118.09,39.38
3R160,2016-02-01,26015,38570,67.4,59556,113506,52.5,8973483,344.93,232.65
3R010,2016-03-01,307947,433390,71.1,681509,1325447,51.4,51441285,167.05,118.7
3R020,2016-03-01,338721,505115,67.1,519930,1335391,38.9,55532157,163.95,109.94
3R030,2016-03-01,111878,189813,58.9,253557,650256,39,21231425,189.77,111.85
3R040,2016-03-01,24170,47522,50.9,50146,163898,30.6,3083903,127.59,64.89
3R060,2016-03-01,48029,103303,46.5,70118,286555,24.5,6304094,131.26,61.03
3R070,2016-03-01,14722,26629,55.3,22822,81561,28,1938547,131.67,72.8
3R080,2016-03-01,58806,145359,40.5,90988,401078,22.7,8018380,136.35,55.16
3R090,2016-03-01,31777,84475,37.6,45490,220502,20.6,4113312,129.44,48.69
3R100,2016-03-01,47275,71393,66.2,102694,230082,44.6,13796977,291.84,193.25
3R110,2016-03-01,46791,96695,48.4,75795,263029,28.8,5616488,120.03,58.08
3R120,2016-03-01,200313,345333,58,378536,1027904,36.8,26213856,130.86,75.91
3R140,2016-03-01,12157,34317,35.4,18089,95666,18.9,1489869,122.55,43.41
3R160,2016-03-01,30680,41726,73.5,71904,122326,58.8,11575674,377.3,277.42
3R010,2016-04-01,292049,417756,69.9,678068,1279466,53,48370547,165.62,115.79
3R020,2016-04-01,324778,488712,66.5,512036,1291309,39.7,52349599,161.19,107.12
3R030,2016-04-01,113407,183600,61.8,264794,627810,42.2,22097950,194.86,120.36
3R040,2016-04-01,23851,44670,53.4,48843,153558,31.8,2840979,119.11,63.6
3R060,2016-04-01,49857,99410,50.2,73935,277330,26.7,6600621,132.39,66.4
3R070,2016-04-01,15111,25770,58.6,23453,78810,29.8,1941936,128.51,75.36
3R080,2016-04-01,58054,141480,41,87722,389820,22.5,8101198,139.55,57.26
3R090,2016-04-01,33243,80580,41.3,46928,209955,22.4,4252696,127.93,52.78
3R100,2016-04-01,47204,69180,68.2,115586,223080,51.8,13264836,281.01,191.74
3R110,2016-04-01,52013,92862,56,85796,252324,34,6421983,123.47,69.16
3R120,2016-04-01,195179,332562,58.7,374558,987410,37.9,25521139,130.76,76.74
3R140,2016-04-01,14660,33780,43.4,21913,93720,23.4,1809408,123.43,53.56
3R160,2016-04-01,30699,40350,76.1,78840,118410,66.6,11105088,361.74,275.22
3R010,2016-05-01,275088,431373,63.8,587105,1321409,44.4,42727866,155.32,99.05
3R020,2016-05-01,340970,503943,67.7,516523,1331285,38.8,57367593,168.25,113.84
3R030,2016-05-01,93712,189720,49.4,192839,648737,29.7,15802369,168.63,83.29
3R040,2016-05-01,19941,45935,43.4,36733,157859,23.3,2221666,111.41,48.37
3R060,2016-05-01,52408,102703,51,73610,286533,25.7,6844059,130.59,66.64
3R070,2016-05-01,15328,26629,57.6,22463,81437,27.6,1988577,129.73,74.68
3R080,2016-05-01,61282,146196,41.9,89125,402814,22.1,8193536,133.7,56.04
3R090,2016-05-01,36352,83266,43.7,50317,216953,23.2,4689048,128.99,56.31
3R100,2016-05-01,42777,71486,59.8,93275,230516,40.5,11215721,262.19,156.89
3R110,2016-05-01,57408,95767,59.9,90232,260214,34.7,7352873,128.08,76.78
3R120,2016-05-01,198472,343843,57.7,369882,1019577,36.3,27181856,136.96,79.05
3R140,2016-05-01,17784,34906,50.9,26687,96844,27.6,2252568,126.66,64.53
3R160,2016-05-01,27516,41695,66,61698,122357,50.4,9291652,337.68,222.85
3R010,2016-06-01,257520,419835,61.3,566933,1284310,44.1,40237463,156.25,95.84
3R020,2016-06-01,336514,490460,68.6,519034,1297227,40,57447963,170.71,117.13
3R030,2016-06-01,92574,183600,50.4,199614,627810,31.8,16257432,175.62,88.55
3R040,2016-06-01,22327,46350,48.2,43646,159690,27.3,2659761,119.13,57.38
3R060,2016-06-01,50170,99150,50.6,74898,276600,27.1,6498555,129.53,65.54
3R070,2016-06-01,14645,25770,56.8,22044,78810,28,1888995,128.99,73.3
3R080,2016-06-01,61427,141480,43.4,90719,389820,23.3,8178339,133.14,57.81
3R090,2016-06-01,31317,80580,38.9,43531,209955,20.7,3885388,124.07,48.22
3R100,2016-06-01,42136,69180,60.9,96050,223080,43.1,10741847,254.93,155.27
3R110,2016-06-01,58224,94290,61.7,94296,256230,36.8,7309853,125.55,77.53
3R120,2016-06-01,236914,339006,69.9,471273,1008782,46.7,35657011,150.51,105.18
3R140,2016-06-01,18517,33780,54.8,28445,93720,30.4,2391842,129.17,70.81
3R160,2016-06-01,25378,40350,62.9,59661,118410,50.4,8590641,338.51,212.9
4R010,2015-07-01,12468,31961,39,19745,89125,22.2,1412940,113.32,44.21
4R020,2015-07-01,2210,5022,44,3215,14198,22.6,235825,106.71,46.96
4R030,2015-07-01,6507,15748,41.3,12398,46500,26.7,725696,111.52,46.08
4R040,2015-07-01,168920,253043,66.8,272708,637988,42.7,24180793,143.15,95.56
4R050,2015-07-01,5691,11315,50.3,8415,30039,28,868744,152.65,76.78
4R060,2015-07-01,6014,15562,38.6,9066,43493,20.8,677864,112.71,43.56
4R070,2015-07-01,18140,39029,46.5,28087,111755,25.1,2262335,124.71,57.97
4R080,2015-07-01,2761,4557,60.6,5289,11563,45.7,331296,120.01,72.7
4R110,2015-07-01,14339,30597,46.9,20193,89156,22.6,1788526,124.73,58.45
4R120,2015-07-01,1256,3875,32.4,2201,11563,19,129515,103.12,33.42
4R130,2015-07-01,2495,8091,30.8,5072,20677,24.5,853967,342.27,105.55
4R140,2015-07-01,2714,5642,48.1,4817,16461,29.3,441962,162.85,78.33
4R010,2015-08-01,11226,31961,35.1,16558,89125,18.6,1279610,113.98,40.04
4R020,2015-08-01,2295,5022,45.7,3251,14198,22.9,231641,100.93,46.13
4R030,2015-08-01,6211,15748,39.4,11694,46500,25.1,721595,116.18,45.82
4R040,2015-08-01,164012,252945,64.8,258609,637744,40.6,23758309,144.86,93.93
4R050,2015-08-01,6250,11315,55.2,9041,30039,30.1,1015868,162.55,89.78
4R060,2015-08-01,6672,15562,42.9,10618,43493,24.4,761344,114.11,48.92
4R070,2015-08-01,20367,39029,52.2,29182,111755,26.1,2398148,117.75,61.45
4R080,2015-08-01,2561,4557,56.2,4637,11563,40.1,302027,117.92,66.28
4R110,2015-08-01,14348,30597,46.9,19276,89156,21.6,1682191,117.24,54.98
4R120,2015-08-01,1042,3875,26.9,1789,11563,15.5,106079,101.8,27.38
4R130,2015-08-01,3021,8091,37.3,5832,20677,28.2,931836,308.45,115.17
4R140,2015-08-01,3044,5642,54,5008,16461,30.4,487420,160.12,86.39
4R010,2015-09-01,13311,30930,43,20757,86250,24.1,1557865,117.04,50.37
4R020,2015-09-01,2796,4860,57.5,4265,13740,31,303758,108.64,62.5
4R030,2015-09-01,7409,15240,48.6,13325,45000,29.6,906227,122.31,59.46
4R040,2015-09-01,173514,245560,70.7,281277,619100,45.4,25770149,148.52,104.94
4R050,2015-09-01,6840,10950,62.5,10009,29070,34.4,1150564,168.22,105.07
4R060,2015-09-01,7100,15060,47.1,10675,42090,25.4,796861,112.23,52.91
4R070,2015-09-01,20530,37770,54.4,30083,108150,27.8,2552821,124.35,67.59
4R080,2015-09-01,3332,4410,75.6,5932,11190,53,433788,130.17,98.36
4R110,2015-09-01,15406,29610,52,21237,86280,24.6,1792408,116.34,60.53
4R120,2015-09-01,1415,3750,37.7,2365,11190,21.1,149418,105.6,39.84
4R130,2015-09-01,4530,7830,57.9,8705,20010,43.5,1081272,238.69,138.09
4R140,2015-09-01,3128,5460,57.3,4993,15930,31.3,510145,163.09,93.43
4R010,2015-10-01,15961,31992,49.9,26177,89466,29.3,1823500,114.25,57
4R020,2015-10-01,3123,5115,61.1,4693,14818,31.7,321887,103.07,62.93
4R030,2015-10-01,9167,15748,58.2,16807,46500,36.1,1213103,132.33,77.03
4R040,2015-10-01,195284,252697,77.3,316928,637093,49.7,32471207,166.28,128.5
4R050,2015-10-01,7986,11315,70.6,11975,30039,39.9,1441677,180.53,127.41
4R060,2015-10-01,7552,15562,48.5,12436,43493,28.6,847102,112.17,54.43
4R070,2015-10-01,18531,39401,47,25444,111755,22.8,2309722,124.64,58.62
4R080,2015-10-01,3337,4557,73.2,6281,11563,54.3,451888,135.4,99.16
4R110,2015-10-01,16321,30597,53.3,23478,89156,26.3,1914857,117.33,62.58
4R120,2015-10-01,1726,3875,44.5,2900,11563,25.1,188338,109.12,48.6
4R130,2015-10-01,6087,8091,75.2,11626,20677,56.2,1629068,267.63,201.34
4R140,2015-10-01,3668,5611,65.4,6164,16368,37.7,607806,165.71,108.32
4R010,2015-11-01,15604,30960,50.4,23952,86580,27.7,1860643,119.24,60.1
4R020,2015-11-01,2734,4950,55.2,3718,14340,25.9,297085,108.66,60.02
4R030,2015-11-01,8523,15240,55.9,17011,45000,37.8,1095742,128.57,71.9
4R040,2015-11-01,189959,244634,77.7,304409,616762,49.4,32903826,173.22,134.5
4R050,2015-11-01,6985,10950,63.8,10443,29070,35.9,1250698,179.05,114.22
4R060,2015-11-01,6145,15060,40.8,9366,42090,22.3,693794,112.9,46.07
4R070,2015-11-01,14427,38130,37.8,19583,108150,18.1,1711118,118.6,44.88
4R080,2015-11-01,2949,4410,66.9,5423,11190,48.5,382089,129.55,86.64
4R110,2015-11-01,15410,29610,52,22460,86280,26,1733390,112.49,58.54
4R120,2015-11-01,1383,3750,36.9,2533,11190,22.6,143542,103.79,38.28
4R130,2015-11-01,5583,7830,71.3,10616,20010,53.1,1654571,296.36,211.31
4R140,2015-11-01,3595,5430,66.2,5948,15840,37.6,557209,155,102.62
4R010,2015-12-01,15075,31992,47.1,26158,89466,29.2,1892537,125.54,59.16
4R020,2015-12-01,2598,5115,50.8,3630,14818,24.5,285710,109.97,55.86
4R030,2015-12-01,8425,15748,53.5,16208,46500,34.9,1201560,142.61,76.3
4R040,2015-12-01,170398,253383,67.2,292931,638801,45.9,26132108,153.36,103.13
4R050,2015-12-01,5616,11315,49.6,8800,30039,29.3,1022171,182.01,90.34
4R060,2015-12-01,5973,15562,38.4,10747,43493,24.7,663588,111.1,42.64
4R070,2015-12-01,13043,39401,33.1,18687,111755,16.7,1589317,121.85,40.34
4R080,2015-12-01,2611,4557,57.3,4885,11563,42.2,325400,124.65,71.41
4R110,2015-12-01,14513,30597,47.4,23547,89156,26.4,1771950,122.09,57.91
4R120,2015-12-01,1772,3875,45.7,3143,11563,27.2,190275,107.38,49.1
4R130,2015-12-01,5416,8091,66.9,11784,20677,57,1853381,342.2,229.07
4R140,2015-12-01,3073,5611,54.8,5903,16368,36.1,540066,175.75,96.25
4R010,2016-01-01,15396,30597,50.3,26785,85374,31.4,1872826,121.65,61.21
4R020,2016-01-01,2871,5115,56.1,4346,14818,29.3,285873,99.57,55.89
4R030,2016-01-01,9801,15748,62.2,20267,46500,43.6,1468907,149.88,93.28
4R040,2016-01-01,175282,252666,69.4,315288,637806,49.4,27125417,154.75,107.36
4R050,2016-01-01,5920,11315,52.3,9050,30039,30.1,1092982,184.63,96.6
4R060,2016-01-01,6331,15562,40.7,11751,43493,27,714483,112.86,45.91
4R070,2016-01-01,11750,39401,29.8,17273,110825,15.6,1391163,118.4,35.31
4R080,2016-01-01,2398,4557,52.6,4893,11563,42.3,296865,123.81,65.14
4R110,2016-01-01,14875,30597,48.6,23350,89156,26.2,1838765,123.62,60.1
4R120,2016-01-01,1914,3875,49.4,3510,11563,30.4,199760,104.37,51.55
4R130,2016-01-01,5717,8091,70.7,12566,20677,60.8,1999581,349.76,247.14
4R140,2016-01-01,3531,5518,64,6582,16213,40.6,569600,161.31,103.23
4R010,2016-02-01,12753,28571,44.6,18904,79727,23.7,1511686,118.53,52.91
4R020,2016-02-01,2622,4785,54.8,3280,13862,23.7,213712,81.51,44.66
4R030,2016-02-01,7189,14687,48.9,12951,43358,29.9,931847,129.63,63.45
4R040,2016-02-01,176366,236258,74.6,277033,596302,46.5,28944403,164.12,122.51
4R050,2016-02-01,5867,10585,55.4,8357,28101,29.7,1104071,188.18,104.31
4R060,2016-02-01,5671,14526,39,8900,40623,21.9,616244,108.66,42.42
4R070,2016-02-01,12171,36639,33.2,16224,103156,15.7,1495873,122.91,40.83
4R080,2016-02-01,2606,4263,61.1,4541,10817,42,325591,124.93,76.38
4R110,2016-02-01,14353,28495,50.4,20143,83040,24.3,1718162,119.71,60.3
4R120,2016-02-01,1457,3625,40.2,2502,10817,23.1,150696,103.43,41.57
4R130,2016-02-01,4849,7569,64.1,9427,19343,48.7,1551918,320.05,205.04
4R140,2016-02-01,2814,5162,54.5,4777,15167,31.5,489022,173.78,94.73
4R010,2016-03-01,15313,30597,50,24483,85374,28.7,1871106,122.19,61.15
4R020,2016-03-01,2775,5115,54.3,3754,14818,25.3,357249,128.74,69.84
4R030,2016-03-01,7736,15190,50.9,15482,44826,34.5,1096626,141.75,72.19
4R040,2016-03-01,197500,253352,78,321244,639514,50.2,34813261,176.27,137.41
4R050,2016-03-01,7568,11315,66.9,11456,30039,38.1,1439108,190.16,127.19
4R060,2016-03-01,6846,15562,44,11252,43493,25.9,749681,109.5,48.17
4R070,2016-03-01,14948,39401,37.9,20232,110825,18.3,1791797,119.87,45.48
4R080,2016-03-01,3190,4557,70,5736,11563,49.6,430776,135.02,94.53
4R110,2016-03-01,15495,30597,50.6,22159,89156,24.9,1843346,118.96,60.25
4R120,2016-03-01,1685,3875,43.5,3031,11563,26.2,178696,106.05,46.12
4R130,2016-03-01,5790,8091,71.6,11487,20677,55.6,1913883,330.55,236.54
4R140,2016-03-01,3555,5518,64.4,5946,16213,36.7,609238,171.37,110.41
4R010,2016-04-01,13517,29100,46.5,21213,81690,26,1608132,118.97,55.26
4R020,2016-04-01,3185,4950,64.3,4563,14340,31.8,378702,118.9,76.51
4R030,2016-04-01,7663,14700,52.1,15118,43380,34.9,1033072,134.82,70.28
4R040,2016-04-01,184462,244514,75.4,306792,616942,49.7,28974553,157.08,118.5
4R050,2016-04-01,7381,10950,67.4,10848,29070,37.3,1362291,184.57,124.41
4R060,2016-04-01,7250,15060,48.1,11977,42090,28.5,778108,107.32,51.67
4R070,2016-04-01,16624,38130,43.6,21956,107250,20.5,1987614,119.56,52.13
4R080,2016-04-01,3372,4410,76.5,6412,11190,57.3,476587,141.32,108.07
4R110,2016-04-01,15487,29610,52.3,21744,86280,25.2,1851847,119.58,62.54
4R120,2016-04-01,1491,3750,39.8,2453,11190,21.9,158202,106.1,42.19
4R130,2016-04-01,4847,7830,61.9,9620,20010,48.1,1551084,320.01,198.1
4R140,2016-04-01,3618,5310,68.1,6064,15630,38.8,602062,166.41,113.38
4R010,2016-05-01,12663,30070,42.1,19356,84413,22.9,1628108,128.57,54.14
4R020,2016-05-01,2921,5115,57.1,4118,14818,27.8,337198,115.44,65.92
4R030,2016-05-01,7493,15190,49.3,12953,44826,28.9,850916,113.57,56.02
4R040,2016-05-01,169443,252573,67.1,260955,637279,40.9,25301262,149.32,100.17
4R050,2016-05-01,6691,11315,59.1,9276,30039,30.9,1231428,184.04,108.83
4R060,2016-05-01,7545,15562,48.5,11323,43493,26,815149,108.04,52.38
4R070,2016-05-01,17984,39401,45.6,23939,110825,21.6,2209864,122.88,56.09
4R080,2016-05-01,3077,4557,67.5,5512,11563,47.7,408349,132.69,89.61
4R110,2016-05-01,14450,30597,47.2,19472,89156,21.8,1663389,115.11,54.36
4R120,2016-05-01,1244,3875,32.1,2295,11563,19.8,132233,106.3,34.12
4R130,2016-05-01,3129,8091,38.7,5015,20677,24.3,897641,286.88,110.94
4R140,2016-05-01,2950,5487,53.8,4776,16151,29.6,520736,176.52,94.9
4R010,2016-06-01,10623,29100,36.5,15711,81690,19.2,1286307,121.09,44.2
4R020,2016-06-01,2280,4950,46.1,2947,14340,20.6,242104,106.19,48.91
4R030,2016-06-01,6107,14700,41.5,11285,43380,26,688438,112.73,46.83
4R040,2016-06-01,161921,245200,66,254250,618650,41.1,23082275,142.55,94.14
4R050,2016-06-01,5914,10950,54,8055,29070,27.7,1051349,177.77,96.01
4R060,2016-06-01,6852,15060,45.5,10549,42090,25.1,762962,111.35,50.66
4R070,2016-06-01,18346,38130,48.1,25861,107250,24.1,2329332,126.97,61.09
4R080,2016-06-01,2822,4410,64,5194,11190,46.4,350291,124.15,79.43
4R110,2016-06-01,14583,29610,49.3,20276,86280,23.5,1655686,113.54,55.92
4R120,2016-06-01,1105,3750,29.5,1997,11190,17.8,112904,102.18,30.11
4R130,2016-06-01,2574,7830,32.9,4847,20010,24.2,861143,334.55,109.98
4R140,2016-06-01,2518,5310,47.4,4276,15630,27.4,391818,155.61,73.79
1R010,2015-07-01,52502,117180,44.8,88306,333839,26.5,7333094,139.67,62.58
1R040,2015-07-01,902677,1128772,80,1463628,2704973,54.1,172012313,190.56,152.39
1R050,2015-07-01,55815,78819,70.8,166193,296586,56,16815104,301.26,213.34
1R060,2015-07-01,35241,65906,53.5,64578,181443,35.6,4232440,120.1,64.22
1R070,2015-07-01,37301,97402,38.3,61882,284830,21.7,4164302,111.64,42.75
1R080,2015-07-01,37702,67983,55.5,57071,193981,29.4,4615297,122.41,67.89
1R090,2015-07-01,66923,124868,53.6,109884,354795,31,8004426,119.61,64.1
1R100,2015-07-01,88874,171271,51.9,165286,507364,32.6,13749935,154.71,80.28
1R140,2015-07-01,42277,83700,50.5,68188,242048,28.2,5189706,122.76,62
1R150,2015-07-01,16738,27652,60.5,26456,76663,34.5,1850467,110.55,66.92
1R180,2015-07-01,26688,55025,48.5,47732,168268,28.4,3917507,146.79,71.2
1R190,2015-07-01,27141,45787,59.3,53646,124553,43.1,5025772,185.17,109.76
1R010,2015-08-01,53728,117180,45.9,88045,333839,26.4,7783405,144.87,66.42
1R040,2015-08-01,927419,1127181,82.3,1474048,2701235,54.6,191662260,206.66,170.04
1R050,2015-08-01,55106,78932,69.8,161706,296648,54.5,16941771,307.44,214.64
1R060,2015-08-01,34329,65906,52.1,61074,181443,33.7,4139455,120.58,62.81
1R070,2015-08-01,37166,97402,38.2,58997,284830,20.7,4195034,112.87,43.07
1R080,2015-08-01,37130,67983,54.6,53543,193981,27.6,4486490,120.83,65.99
1R090,2015-08-01,64489,124868,51.6,99075,354795,27.9,7482770,116.03,59.93
1R100,2015-08-01,89200,174375,51.2,155510,512399,30.3,13771135,154.38,78.97
1R140,2015-08-01,42928,83700,51.3,66589,242048,27.5,5394897,125.67,64.46
1R150,2015-08-01,17011,27652,61.5,25348,76663,33.1,1792478,105.37,64.82
1R180,2015-08-01,27319,55025,49.6,48311,168268,28.7,4066175,148.84,73.9
1R190,2015-08-01,23060,45787,50.4,41850,124553,33.6,4330418,187.79,94.58
1R010,2015-09-01,58269,113880,51.2,100339,324510,30.9,8307625,142.57,72.95
1R040,2015-09-01,902625,1099830,82.1,1435981,2635262,54.5,179485217,198.85,163.19
1R050,2015-09-01,30951,74558,41.5,85035,279769,30.4,6100364,197.1,81.82
1R060,2015-09-01,40235,63780,63.1,71591,175590,40.8,4964847,123.4,77.84
1R070,2015-09-01,45085,94260,47.8,75089,275642,27.2,5138843,113.98,54.52
1R080,2015-09-01,42978,65790,65.3,64680,187724,34.5,5378773,125.15,81.76
1R090,2015-09-01,74552,120840,61.7,122263,343350,35.6,9080140,121.8,75.14
1R100,2015-09-01,95542,170777,55.9,181218,500469,36.2,15173552,158.82,88.85
1R140,2015-09-01,43900,81000,54.2,68411,234240,29.2,5316884,121.11,65.64
1R150,2015-09-01,18017,26760,67.3,26926,74190,36.3,1955613,108.54,73.08
1R180,2015-09-01,30090,53250,56.5,54544,162840,33.5,5013713,166.63,94.15
1R190,2015-09-01,23834,44310,53.8,46644,120536,38.7,4366821,183.22,98.55
1R010,2015-10-01,68328,117862,58,114475,335637,34.1,9998316,146.33,84.83
1R040,2015-10-01,955156,1131377,84.4,1504383,2711869,55.5,214763632,224.85,189.82
1R050,2015-10-01,14190,59540,23.8,25998,225723,11.5,1913622,134.86,32.14
1R060,2015-10-01,39083,65658,59.5,68866,179800,38.3,5215113,133.44,79.43
1R070,2015-10-01,52623,97402,54,93233,284582,32.8,6324958,120.19,64.94
1R080,2015-10-01,43427,67983,63.9,65922,193950,34,5307927,122.23,78.08
1R090,2015-10-01,78688,125240,62.8,128599,355415,36.2,11009021,139.91,87.9
1R100,2015-10-01,109086,178990,60.9,201856,537372,37.6,18707814,171.5,104.52
1R140,2015-10-01,44014,83638,52.6,70721,240994,29.3,5398976,122.66,64.55
1R150,2015-10-01,15944,27652,57.7,22947,76539,30,1722636,108.04,62.3
1R180,2015-10-01,35640,55149,64.6,66725,168578,39.6,5967369,167.44,108.2
1R190,2015-10-01,26696,46035,58,48713,125233,38.9,5041352,188.85,109.51
1R010,2015-11-01,65761,114060,57.7,109689,324810,33.8,9811884,149.2,86.02
1R040,2015-11-01,960337,1095958,87.6,1497301,2626948,57,227018713,236.39,207.14
1R050,2015-11-01,15910,54150,29.4,27687,206457,13.4,1889613,118.77,34.9
1R060,2015-11-01,37382,63540,58.8,61559,174000,35.4,4514048,120.75,71.04
1R070,2015-11-01,46985,94260,49.8,79180,275402,28.8,5457241,116.15,57.9
1R080,2015-11-01,41322,65790,62.8,59155,187693,31.5,5034029,121.82,76.52
1R090,2015-11-01,60881,121200,50.2,92775,343950,27,7407349,121.67,61.12
1R100,2015-11-01,106239,173370,61.3,192238,520560,36.9,18363671,172.85,105.92
1R140,2015-11-01,40251,80940,49.7,60458,233220,25.9,4955312,123.11,61.22
1R150,2015-11-01,12955,26760,48.4,17527,74070,23.7,1338392,103.31,50.01
1R180,2015-11-01,32581,53370,61,58892,163140,36.1,5443699,167.08,102
1R190,2015-11-01,22491,44550,50.5,41747,121193,34.4,4199539,186.72,94.27
1R010,2015-12-01,69557,118916,58.5,125924,337745,37.3,11991340,172.4,100.84
1R040,2015-12-01,917747,1137775,80.7,1579570,2727145,57.9,219132652,238.77,192.6
1R050,2015-12-01,13295,55604,23.9,27362,210791,13,1804696,135.74,32.46
1R060,2015-12-01,30356,65658,46.2,54963,179800,30.6,3663640,120.69,55.8
1R070,2015-12-01,41573,97402,42.7,75635,284582,26.6,4862662,116.97,49.92
1R080,2015-12-01,35641,67983,52.4,58038,193950,29.9,4289506,120.35,63.1
1R090,2015-12-01,58280,125240,46.5,99071,355415,27.9,6912195,118.6,55.19
1R100,2015-12-01,103644,178990,57.9,215782,537372,40.2,19022001,183.53,106.27
1R140,2015-12-01,35651,83638,42.6,60064,240994,24.9,4479280,125.64,53.56
1R150,2015-12-01,10952,27652,39.6,15899,76539,20.8,1172728,107.08,42.41
1R180,2015-12-01,35584,55149,64.5,70931,168578,42.1,7045938,198.01,127.76
1R190,2015-12-01,23282,46035,50.6,45492,125233,36.3,4945662,212.42,107.43
1R010,2016-01-01,80546,118699,67.9,154176,337404,45.7,14068869,174.67,118.53
1R040,2016-01-01,889662,1138226,78.2,1563548,2718036,57.5,186507771,209.64,163.86
1R050,2016-01-01,15018,53258,28.2,34534,202834,17,2038076,135.71,38.27
1R060,2016-01-01,30251,65658,46.1,54903,179986,30.5,3584593,118.49,54.59
1R070,2016-01-01,47483,97402,48.7,92197,284768,32.4,5987299,126.09,61.47
1R080,2016-01-01,31873,67983,46.9,52106,193480,26.9,3782623,118.68,55.64
1R090,2016-01-01,55480,125488,44.2,98813,356376,27.7,6660953,120.06,53.08
1R100,2016-01-01,102976,178990,57.5,229279,536659,42.7,18930421,183.83,105.76
1R140,2016-01-01,38791,83607,46.4,67831,241025,28.1,5366464,138.34,64.19
1R150,2016-01-01,9766,27652,35.3,15213,76539,19.9,1026575,105.12,37.12
1R180,2016-01-01,39876,54777,72.8,82490,167741,49.2,8076667,202.54,147.45
1R190,2016-01-01,25639,46097,55.6,48483,125280,38.7,4936131,192.53,107.08
1R010,2016-02-01,66768,110609,60.4,111344,314155,35.4,10114592,151.49,91.44
1R040,2016-02-01,936697,1064065,88,1486612,2540965,58.5,234393061,250.23,220.28
1R050,2016-02-01,13073,50488,25.9,24084,194555,12.4,1582376,121.04,31.34
1R060,2016-02-01,33003,61178,53.9,54454,167722,32.5,4047275,122.63,66.16
1R070,2016-02-01,42635,90706,47,69791,265240,26.3,4972767,116.63,54.82
1R080,2016-02-01,35514,63202,56.2,49474,179990,27.5,4285952,120.68,67.81
1R090,2016-02-01,60709,117017,51.9,94279,332434,28.4,7590645,125.03,64.87
1R100,2016-02-01,98852,166951,59.2,177585,500655,35.5,16304251,164.94,97.66
1R140,2016-02-01,36345,77768,46.7,53743,224136,24,4422358,121.68,56.87
1R150,2016-02-01,10851,25704,42.2,14229,71141,20,1154434,106.39,44.91
1R180,2016-02-01,32606,51063,63.9,57622,156294,36.9,5426242,166.42,106.27
1R190,2016-02-01,24264,43017,56.4,42742,116886,36.6,5282557,217.71,122.8
1R010,2016-03-01,70856,118699,59.7,123037,337404,36.5,11042610,155.85,93.03
1R040,2016-03-01,978375,1144524,85.5,1568628,2733790,57.4,227363541,232.39,198.65
1R050,2016-03-01,17420,58559,29.7,34463,224007,15.4,2336344,134.12,39.9
1R060,2016-03-01,36302,65658,55.3,62688,179986,34.8,4618661,127.23,70.34
1R070,2016-03-01,53493,98053,54.6,92672,286070,32.4,6377839,119.23,65.04
1R080,2016-03-01,40289,67983,59.3,59829,193480,30.9,4804469,119.25,70.67
1R090,2016-03-01,73108,125488,58.3,117836,356376,33.1,9291723,127.1,74.04
1R100,2016-03-01,103608,178990,57.9,190671,536659,35.5,17434248,168.27,97.4
1R140,2016-03-01,43294,83607,51.8,67836,241025,28.1,5294453,122.29,63.33
1R150,2016-03-01,13626,27652,49.3,19167,76539,25,1505267,110.47,54.44
1R180,2016-03-01,34554,54777,63.1,61001,167741,36.4,5776788,167.18,105.46
1R190,2016-03-01,26221,46097,56.9,48629,125280,38.8,4917824,187.55,106.68
1R010,2016-04-01,63517,114810,55.3,107394,326640,32.9,10031027,157.93,87.37
1R040,2016-04-01,916229,1100028,83.3,1481254,2630005,56.3,190406013,207.81,173.09
1R050,2016-04-01,14754,55521,26.6,29024,212433,13.7,1948957,132.1,35.1
1R060,2016-04-01,36083,63540,56.8,64099,174240,36.8,4459593,123.59,70.19
1R070,2016-04-01,52748,94770,55.7,89272,275972,32.3,6155453,116.69,64.95
1R080,2016-04-01,43255,65790,65.7,65243,187691,34.8,5348305,123.65,81.29
1R090,2016-04-01,75374,121440,62.1,123446,344550,35.8,9487856,125.88,78.13
1R100,2016-04-01,100748,174224,57.8,191029,517920,36.9,16667327,165.44,95.67
1R140,2016-04-01,45209,81480,55.5,73647,234150,31.5,5645030,124.86,69.28
1R150,2016-04-01,14711,26760,55,22037,73620,29.9,2304863,156.67,86.13
1R180,2016-04-01,33863,53040,63.8,62034,162600,38.2,5491523,162.17,103.54
1R190,2016-04-01,27601,44670,61.8,52080,121533,42.9,5295358,191.85,118.54
1R010,2016-05-01,56286,118637,47.4,88160,337528,26.1,8231144,146.24,69.38
1R040,2016-05-01,914589,1134988,80.6,1401931,2713493,51.7,184936603,202.21,162.94
1R050,2016-05-01,12197,55769,21.9,21268,222275,9.6,1573783,129.03,28.22
1R060,2016-05-01,33856,65658,51.6,55467,180048,30.8,4160128,122.88,63.36
1R070,2016-05-01,43321,97929,44.2,68054,285171,23.9,4846144,111.87,49.49
1R080,2016-05-01,40810,67983,60,57905,193948,29.9,5112994,125.29,75.21
1R090,2016-05-01,68876,125355,54.9,104666,355636,29.4,8416874,122.2,67.14
1R100,2016-05-01,98603,180141,54.7,168067,535556,31.4,15233638,154.49,84.57
1R140,2016-05-01,42834,84196,50.9,63751,241955,26.3,5432521,126.83,64.52
1R150,2016-05-01,15522,27652,56.1,21506,76074,28.3,1697374,109.35,61.38
1R180,2016-05-01,26462,54808,48.3,44992,168020,26.8,3980453,150.42,72.63
1R190,2016-05-01,24793,46159,53.7,43949,125584,35,4406045,177.71,95.45
1R010,2016-06-01,49997,113550,44,81227,322830,25.2,7391403,147.84,65.09
1R040,2016-06-01,878532,1106693,79.4,1392208,2645894,52.6,174015258,198.07,157.24
1R050,2016-06-01,21631,74590,29,57320,277224,20.7,4186276,193.53,56.12
1R060,2016-06-01,30088,63540,47.4,53800,174240,30.9,3732437,124.05,58.74
1R070,2016-06-01,39779,94770,42,64792,275972,23.5,4642692,116.71,48.99
1R080,2016-06-01,38021,65790,57.8,55492,187691,29.6,4794547,126.1,72.88
1R090,2016-06-01,63332,120870,52.4,100098,342840,29.2,7728972,122.04,63.94
1R100,2016-06-01,85343,174224,49,151609,517920,29.3,13235527,155.09,75.97
1R140,2016-06-01,39860,81480,48.9,63181,234150,27,4929158,123.66,60.5
1R150,2016-06-01,15018,26760,56.1,21412,73620,29.1,1721961,114.66,64.35
1R180,2016-06-01,24103,53040,45.4,42262,162600,26,3451706,143.2,65.08
1R190,2016-06-01,23420,44670,52.4,43312,121533,35.6,4315222,184.26,96.6
6R030,2015-07-01,4529,18290,24.8,8924,62713,14.2,821855,181.45,44.93
6R060,2015-07-01,16064,32067,50.1,27866,83881,33.2,2289533,142.52,71.4
6R080,2015-07-01,2271,13516,16.8,4347,35371,12.3,226057,99.54,16.73
6R100,2015-07-01,57552,92969,61.9,100706,244249,41.2,8252864,143.4,88.77
6R110,2015-07-01,27920,56079,49.8,47530,158224,30,3370400,120.72,60.1
6R030,2015-08-01,3852,17825,21.6,6956,60853,11.4,714623,185.53,40.09
6R060,2015-08-01,13242,31773,41.7,21595,83293,25.9,1748145,132.01,55.02
6R080,2015-08-01,1818,13516,13.5,3632,35371,10.3,176220,96.93,13.04
6R100,2015-08-01,55345,92969,59.5,92514,244249,37.9,7896681,142.68,84.94
6R110,2015-08-01,26442,56079,47.2,42695,158224,27,3294534,124.6,58.75
6R030,2015-09-01,5717,17700,32.3,10483,60690,17.3,1021768,178.73,57.73
6R060,2015-09-01,15706,30786,51,26221,80682,32.5,2175913,138.54,70.68
6R080,2015-09-01,3771,13080,28.8,5329,34230,15.6,388133,102.93,29.67
6R100,2015-09-01,66024,89970,73.4,113711,236370,48.1,9430794,142.84,104.82
6R110,2015-09-01,31271,54270,57.6,53866,153120,35.2,3911971,125.1,72.08
6R030,2015-10-01,8494,18290,46.4,16917,62775,26.9,1584504,186.55,86.63
6R060,2015-10-01,17912,32005,56,28827,83633,34.5,2527305,141.09,78.97
6R080,2015-10-01,4801,13516,35.5,6852,35371,19.4,523186,108.97,38.71
6R100,2015-10-01,76806,92969,82.6,129890,244404,53.1,13041625,169.8,140.28
6R110,2015-10-01,35163,55893,62.9,61471,157821,38.9,4612108,131.16,82.52
6R030,2015-11-01,8953,17700,50.6,16932,60750,27.9,1876090,209.55,105.99
6R060,2015-11-01,16763,30726,54.6,26739,80442,33.2,2609039,155.65,84.91
6R080,2015-11-01,5335,13080,40.8,6990,34230,20.4,629719,118.04,48.14
6R100,2015-11-01,78116,89970,86.8,133228,236520,56.3,13558329,173.57,150.7
6R110,2015-11-01,38034,54090,70.3,66595,152730,43.6,5205293,136.86,96.23
6R030,2015-12-01,10040,18290,54.9,20780,62775,33.1,2412930,240.33,131.93
6R060,2015-12-01,17584,31711,55.5,30926,83045,37.2,3003151,170.79,94.7
6R080,2015-12-01,4635,13516,34.3,7534,35371,21.3,565372,121.98,41.83
6R100,2015-12-01,76557,92969,82.3,147903,244404,60.5,14207286,185.58,152.82
6R110,2015-12-01,38797,55893,69.4,74421,157821,47.2,5638348,145.33,100.88
6R030,2016-01-01,12860,18228,70.6,30062,62558,48.1,2954357,229.73,162.08
6R060,2016-01-01,22064,31881,69.2,40286,83323,48.3,3681085,166.84,115.46
6R080,2016-01-01,6549,13516,48.5,12093,35371,34.2,818572,124.99,60.56
6R100,2016-01-01,80841,92938,87,159812,244311,65.4,15577015,192.69,167.61
6R110,2016-01-01,42528,55893,76.1,88779,157759,56.3,6234550,146.6,111.54
6R030,2016-02-01,11908,17001,70,24067,58195,41.4,2470979,207.5,145.34
6R060,2016-02-01,23877,29601,80.7,38560,77495,49.8,3631967,152.11,122.7
6R080,2016-02-01,7569,12644,59.9,13371,33089,40.4,926560,122.42,73.28
6R100,2016-02-01,77640,86861,89.4,139823,228290,61.2,13938559,179.53,160.47
6R110,2016-02-01,43206,52253,82.7,77215,147476,52.4,6571660,152.1,125.77
6R030,2016-03-01,11684,18228,64.1,23731,62558,37.9,2467868,211.22,135.39
6R060,2016-03-01,23699,31587,75,38309,82735,46.3,3689371,155.68,116.8
6R080,2016-03-01,7912,13516,58.5,11998,35371,33.9,932686,117.88,69.01
6R100,2016-03-01,80053,92938,86.1,147713,244311,60.5,14351860,179.28,154.42
6R110,2016-03-01,43269,55893,77.4,78732,157759,49.9,6268146,144.86,112.15
6R030,2016-04-01,8523,17370,49.1,17578,59460,29.6,1658103,194.54,95.46
6R060,2016-04-01,19248,30870,62.4,32702,81540,40.1,2891644,150.23,93.67
6R080,2016-04-01,6016,13080,46,8458,34230,24.7,646665,107.49,49.44
6R100,2016-04-01,70523,90000,78.4,127810,236370,54.1,11665107,165.41,129.61
6R110,2016-04-01,38888,54090,71.9,71673,152670,46.9,5499749,141.42,101.68
6R030,2016-05-01,5962,17949,33.2,11206,61442,18.2,1035720,173.71,57.7
6R060,2016-05-01,15119,31556,47.9,23281,83572,27.9,2088416,138.14,66.18
6R080,2016-05-01,4356,13516,32.2,5860,35371,16.6,448994,103.07,33.22
6R100,2016-05-01,62259,93000,66.9,103999,244249,42.6,9722022,156.15,104.54
6R110,2016-05-01,33292,55397,60.1,54356,156705,34.7,4567296,137.19,82.45
6R030,2016-06-01,4257,17370,24.5,8278,59460,13.9,813339,191.08,46.82
6R060,2016-06-01,13694,30660,44.7,21384,81120,26.4,1897132,138.54,61.88
6R080,2016-06-01,3274,13080,25,4365,34230,12.8,329586,100.67,25.2
6R100,2016-06-01,57770,90000,64.2,99504,236370,42.1,9007672,155.92,100.09
6R110,2016-06-01,26861,53610,50.1,43372,151650,28.6,3317479,123.5,61.88
8R990,2015-07-01,133854,180793,74,239450,469449,51,22912314,171.17,126.73
8R990,2015-08-01,126213,181537,69.5,210066,471397,44.6,21453081,169.98,118.17
8R990,2015-09-01,147491,183840,80.2,266253,478475,55.6,26723859,181.19,145.36
8R990,2015-10-01,135944,187892,72.4,230105,488323,47.1,23439447,172.42,124.75
8R990,2015-11-01,133046,187820,70.8,205612,495434,41.5,22877389,171.95,121.8
8R990,2015-12-01,118222,193633,61.1,222484,511461,43.5,19139725,161.9,98.85
8R990,2016-01-01,114585,192883,59.4,225920,508597,44.4,18139376,158.3,94.04
8R990,2016-02-01,134779,180326,74.7,212309,476079,44.6,23080859,171.25,128
8R990,2016-03-01,148739,194587,76.4,249855,513944,48.6,26227859,176.34,134.79
8R990,2016-04-01,135271,186920,72.4,237915,492644,48.3,23322157,172.41,124.77
8R990,2016-05-01,128228,193254,66.4,197038,509946,38.6,21898896,170.78,113.32
8R990,2016-06-01,129415,187292,69.1,206607,493618,41.9,21554007,166.55,115.08
2R010,2015-07-01,800114,974311,82.1,1331256,2298856,57.9,148375422,185.44,152.29
2R020,2015-07-01,1046,3627,28.8,1794,9610,18.7,89490,85.57,24.67
2R030,2015-07-01,21732,41912,51.9,33348,115568,28.9,2349016,108.09,56.05
2R040,2015-07-01,26065,63364,41.1,47073,183024,25.7,3366130,129.14,53.12
2R050,2015-07-01,7512,15996,47,11658,43276,26.9,1021917,136.03,63.89
2R060,2015-07-01,19592,32488,60.3,29309,90365,32.4,2437135,124.39,75.02
2R070,2015-07-01,13091,32054,40.8,23455,87203,26.9,2174302,166.09,67.83
2R080,2015-07-01,7949,17918,44.4,13518,47461,28.5,879002,110.58,49.06
2R090,2015-07-01,12639,28458,44.4,18616,78027,23.9,1542608,122.05,54.21
2R100,2015-07-01,36464,67270,54.2,100464,241831,41.5,10085319,276.58,149.92
2R110,2015-07-01,8573,24304,35.3,15710,68386,23,966470,112.73,39.77
2R120,2015-07-01,17078,37820,45.2,27692,105431,26.3,2035111,119.17,53.81
2R130,2015-07-01,7329,19313,37.9,12900,47306,27.3,1151549,157.12,59.63
2R140,2015-07-01,16000,31589,50.7,23741,82119,28.9,2174288,135.89,68.83
2R150,2015-07-01,1297,4867,26.6,1431,11315,12.6,183742,141.69,37.75
2R160,2015-07-01,4080,9734,41.9,7544,25296,29.8,849093,208.11,87.23
2R170,2015-07-01,14820,29388,50.4,30116,89373,33.7,2123470,143.28,72.26
2R180,2015-07-01,3325,10416,31.9,5610,34410,16.3,342732,103.08,32.9
2R190,2015-07-01,2888,8990,32.1,5862,23536,24.9,377815,130.84,42.03
2R200,2015-07-01,3678,7688,47.8,5330,24149,22.1,488100,132.7,63.49
2R210,2015-07-01,10666,21948,48.6,31786,82828,38.4,1535436,143.96,69.96
2R010,2015-08-01,782626,975246,80.2,1237262,2300814,53.8,137434076,175.61,140.92
2R020,2015-08-01,1059,3627,29.2,1850,9610,19.3,94523,89.27,26.06
2R030,2015-08-01,20596,41912,49.1,30829,115568,26.7,2207515,107.18,52.67
2R040,2015-08-01,26029,63364,41.1,44420,183024,24.3,3330828,127.97,52.57
2R050,2015-08-01,7238,15996,45.2,10979,43276,25.4,975905,134.83,61.01
2R060,2015-08-01,17037,32488,52.4,25290,90365,28,2068501,121.42,63.67
2R070,2015-08-01,13123,32054,40.9,22331,87203,25.6,2284579,174.1,71.27
2R080,2015-08-01,7914,17918,44.2,12638,47461,26.6,839781,106.11,46.87
2R090,2015-08-01,14128,28458,49.6,20824,78027,26.7,1725604,122.14,60.64
2R100,2015-08-01,37809,67270,56.2,101707,241831,42.1,10111429,267.43,150.31
2R110,2015-08-01,7509,24304,30.9,13123,68386,19.2,831615,110.75,34.22
2R120,2015-08-01,16455,37820,43.5,26140,105431,24.8,2003079,121.73,52.96
2R130,2015-08-01,7496,19313,38.8,12503,47306,26.4,1213348,161.87,62.83
2R140,2015-08-01,14579,31589,46.2,20465,82119,24.9,1962660,134.62,62.13
2R150,2015-08-01,1562,4867,32.1,1675,11315,14.8,207466,132.82,42.63
2R160,2015-08-01,4867,9734,50,7506,25296,29.7,978956,201.14,100.57
2R170,2015-08-01,13419,29388,45.7,24202,89373,27.1,1755576,130.83,59.74
2R180,2015-08-01,3132,10416,30.1,5178,34410,15,314444,100.39,30.19
2R190,2015-08-01,2795,8990,31.1,5410,23536,23,368609,131.87,41
2R200,2015-08-01,3660,7688,47.6,5052,24149,20.9,494881,135.22,64.37
2R210,2015-08-01,9597,21948,43.7,25398,82828,30.7,1332324,138.83,60.7
2R010,2015-09-01,735073,945849,77.7,1168860,2230696,52.4,125663503,170.95,132.86
2R020,2015-09-01,1187,3510,33.8,1953,9300,21,97202,81.91,27.69
2R030,2015-09-01,24559,40560,60.6,38250,111840,34.2,2726472,111.02,67.22
2R040,2015-09-01,29178,61320,47.6,53246,177120,30.1,3943912,135.17,64.32
2R050,2015-09-01,7848,15480,50.7,11916,41880,28.5,1055615,134.51,68.19
2R060,2015-09-01,22861,31440,72.7,34426,87450,39.4,2885666,126.23,91.78
2R070,2015-09-01,13404,31020,43.2,24072,84390,28.5,2075226,154.82,66.9
2R080,2015-09-01,9410,17340,54.3,15832,45930,34.5,1094597,116.32,63.13
2R090,2015-09-01,14894,27540,54.1,23179,75510,30.7,2047460,137.46,74.34
2R100,2015-09-01,25030,65100,38.4,59376,234030,25.4,4639743,185.37,71.27
2R110,2015-09-01,10827,23520,46,20662,66180,31.2,1184597,109.41,50.37
2R120,2015-09-01,15881,36600,43.4,22359,102030,21.9,2137912,134.62,58.41
2R130,2015-09-01,6943,18690,37.1,13390,45780,29.2,1140629,164.29,61.03
2R140,2015-09-01,17140,30570,56.1,24381,79470,30.7,2399689,140,78.5
2R150,2015-09-01,1524,4710,32.3,1730,10950,15.8,193222,126.82,41.02
2R160,2015-09-01,4202,9420,44.6,7798,24480,31.9,884068,210.39,93.85
2R170,2015-09-01,14696,28440,51.7,28240,86490,32.7,2064247,140.47,72.58
2R180,2015-09-01,4252,10080,42.2,7390,33300,22.2,445122,104.68,44.16
2R190,2015-09-01,2395,8700,27.5,4381,22777,19.2,295320,123.31,33.94
2R200,2015-09-01,4029,7440,54.2,5639,23370,24.1,519684,128.98,69.85
2R210,2015-09-01,12669,21240,59.6,37392,80156,46.6,1885396,148.82,88.77
2R010,2015-10-01,839072,975649,86,1329182,2298855,57.8,167339997,199.43,171.52
2R020,2015-10-01,1299,3627,35.8,2124,9548,22.2,113553,87.42,31.31
2R030,2015-10-01,25616,41912,61.1,40237,115568,34.8,2755439,107.57,65.74
2R040,2015-10-01,36555,63674,57.4,65789,183489,35.9,5029454,137.58,78.99
2R050,2015-10-01,8780,15996,54.9,13811,43276,31.9,1148600,130.82,71.81
2R060,2015-10-01,21220,32457,65.4,31675,90427,35,2703860,127.42,83.31
2R070,2015-10-01,15498,29574,52.4,29570,74555,39.7,2513953,162.21,85.01
2R080,2015-10-01,11878,17918,66.3,20202,47461,42.6,2188863,184.28,122.16
2R090,2015-10-01,15389,28644,53.7,23964,78430,30.6,1977800,128.52,69.05
2R100,2015-10-01,19239,50344,38.2,35523,181164,19.6,2410403,125.29,47.88
2R110,2015-10-01,13109,24304,53.9,24293,68386,35.5,1507102,114.97,62.01
2R120,2015-10-01,17812,37789,47.1,23709,105276,22.5,2302565,129.27,60.93
2R130,2015-10-01,8576,19313,44.4,15162,47306,32.1,1456729,169.86,75.43
2R140,2015-10-01,18523,31589,58.6,27525,82119,33.5,2648388,142.98,83.84
2R150,2015-10-01,2202,4867,45.2,2845,11315,25.1,294051,133.57,60.42
2R160,2015-10-01,3735,8711,42.9,6879,25296,27.2,849748,227.51,97.55
2R170,2015-10-01,18853,29388,64.2,37341,89373,41.8,2717865,144.16,92.48
2R180,2015-10-01,5355,10416,51.4,9255,34410,26.9,572907,106.99,55
2R190,2015-10-01,3217,8990,35.8,5960,23550,25.3,413966,128.7,46.05
2R200,2015-10-01,3910,7688,50.9,5687,24149,23.5,519161,132.79,67.53
2R210,2015-10-01,13946,21948,63.5,36052,82828,43.5,2529181,181.35,115.24
2R010,2015-11-01,828743,949188,87.3,1306852,2235231,58.5,162082064,195.58,170.76
2R020,2015-11-01,1052,3510,30,1778,9240,19.2,92536,87.96,26.36
2R030,2015-11-01,21489,40560,53,31956,111840,28.6,2373669,110.46,58.52
2R040,2015-11-01,35792,61620,58.1,62060,177570,34.9,5171917,144.5,83.93
2R050,2015-11-01,8614,15480,55.6,13538,41880,32.3,1133137,131.55,73.2
2R060,2015-11-01,19979,31410,63.6,29615,87510,33.8,2498991,125.08,79.56
2R070,2015-11-01,15554,28620,54.3,29236,72150,40.5,2609686,167.79,91.18
2R080,2015-11-01,10299,17340,59.4,17263,45930,37.6,1231940,119.62,71.05
2R090,2015-11-01,15294,27720,55.2,23342,75900,30.8,1981035,129.53,71.47
2R100,2015-11-01,20400,51720,39.4,39100,188100,20.8,2480570,121.59,47.96
2R110,2015-11-01,13421,23520,57.1,24885,66180,37.6,1554838,115.85,66.11
2R120,2015-11-01,16510,36570,45.1,21770,101880,21.4,2114718,128.09,57.83
2R130,2015-11-01,8373,18690,44.8,15597,45780,34.1,1438368,171.79,76.96
2R140,2015-11-01,19007,30570,62.2,28769,79470,36.2,2871366,151.07,93.93
2R150,2015-11-01,1978,4710,42,2408,10950,22,319563,161.55,67.85
2R160,2015-11-01,3624,8430,43,6470,24480,26.4,912302,251.74,108.22
2R170,2015-11-01,15329,28440,53.9,28891,86490,33.4,2068103,134.92,72.72
2R180,2015-11-01,4801,10080,47.6,7976,33300,24,491713,102.41,48.78
2R190,2015-11-01,3076,8700,35.4,5578,22790,24.5,392956,127.73,45.17
2R200,2015-11-01,3930,7440,52.8,5647,23370,24.2,520011,132.3,69.89
2R210,2015-11-01,12636,21240,59.5,34742,80156,43.3,2035374,161.07,95.83
2R010,2015-12-01,784830,981484,80,1380302,2310913,59.7,145902417,185.9,148.65
2R020,2015-12-01,1008,3627,27.8,1686,9548,17.7,84622,83.95,23.33
2R030,2015-12-01,20318,41912,48.5,32299,115568,27.9,2202709,108.41,52.56
2R040,2015-12-01,37907,63674,59.5,73625,183489,40.1,6389361,168.55,100.34
2R050,2015-12-01,7725,15996,48.3,12560,43276,29,1022339,132.33,63.91
2R060,2015-12-01,15441,32457,47.6,23686,90427,26.2,1893031,122.6,58.32
2R070,2015-12-01,16571,29574,56,33675,74555,45.2,2991412,180.52,101.15
2R080,2015-12-01,9058,17918,50.6,15912,47461,33.5,1111068,122.66,62.01
2R090,2015-12-01,12481,28644,43.6,20594,78430,26.3,1685174,135.02,58.83
2R100,2015-12-01,17132,50375,34,35484,180110,19.7,2159280,126.04,42.86
2R110,2015-12-01,14615,24304,60.1,30336,68386,44.4,2030977,138.97,83.57
2R120,2015-12-01,13581,37789,35.9,19991,105276,19,1822476,134.19,48.23
2R130,2015-12-01,7836,19313,40.6,15257,47306,32.3,1260800,160.9,65.28
2R140,2015-12-01,18559,31589,58.8,30501,82119,37.1,2946960,158.79,93.29
2R150,2015-12-01,1125,4867,23.1,1449,11315,12.8,202151,179.77,41.54
2R160,2015-12-01,3574,8711,41,6722,25296,26.6,809602,226.53,92.94
2R170,2015-12-01,14738,29388,50.1,27455,89373,30.7,2067971,140.32,70.37
2R180,2015-12-01,4021,10365,38.8,7893,34236,23.1,447819,111.38,43.2
2R190,2015-12-01,2692,8990,29.9,5023,23550,21.3,330226,122.66,36.73
2R200,2015-12-01,3852,7688,50.1,5724,24149,23.7,518053,134.5,67.38
2R210,2015-12-01,14588,21948,66.5,44666,82828,53.9,2672561,183.2,121.77
2R010,2016-01-01,772239,979313,78.9,1349563,2302795,58.6,153881889,199.27,157.13
2R020,2016-01-01,1029,3627,28.4,1744,9548,18.3,86238,83.81,23.78
2R030,2016-01-01,19994,42532,47,34224,117149,29.2,2186289,109.35,51.4
2R040,2016-01-01,42520,64480,65.9,83392,184202,45.3,8086029,190.17,125.4
2R050,2016-01-01,6908,15996,43.2,12382,43276,28.6,884436,128.02,55.29
2R060,2016-01-01,16555,32519,50.9,26420,90613,29.2,2095733,126.6,64.45
2R070,2016-01-01,19493,29574,65.9,39698,74927,53,3609835,185.19,122.06
2R080,2016-01-01,10417,17918,58.1,18476,47461,38.9,1120547,107.57,62.54
2R090,2016-01-01,13839,28644,48.3,23529,78461,30,1824152,131.82,63.68
2R100,2016-01-01,20756,52018,39.9,44823,186899,24,2564930,123.57,49.31
2R110,2016-01-01,15917,24366,65.3,35450,68479,51.8,2462672,154.72,101.07
2R120,2016-01-01,13093,37913,34.5,19446,105586,18.4,1735011,132.52,45.76
2R130,2016-01-01,7873,19313,40.8,15310,47306,32.4,1284537,163.16,66.51
2R140,2016-01-01,22858,31589,72.4,38502,82119,46.9,3935569,172.17,124.59
2R150,2016-01-01,1277,4867,26.2,1635,11315,14.5,197064,154.35,40.49
2R160,2016-01-01,3926,8649,45.4,7971,25172,31.7,779681,198.59,90.15
2R170,2016-01-01,14974,29667,50.5,28931,89931,32.2,2135921,142.64,72
2R180,2016-01-01,4243,10365,40.9,7646,34236,22.3,452729,106.7,43.68
2R190,2016-01-01,2740,8990,30.5,5508,24045,22.9,304227,111.01,33.84
2R200,2016-01-01,4480,7688,58.3,7057,24149,29.2,562635,125.58,73.18
2R210,2016-01-01,17214,21948,78.4,55771,82828,67.3,3841540,223.16,175.03
2R010,2016-02-01,798274,918375,86.9,1261018,2159272,58.4,158340890,198.35,172.41
2R020,2016-02-01,892,3393,26.3,1524,8932,17.1,80190,89.9,23.63
2R030,2016-02-01,19001,39638,47.9,28435,109177,26,2105413,110.8,53.12
2R040,2016-02-01,39267,60118,65.3,70855,171739,41.3,6054612,154.19,100.71
2R050,2016-02-01,6855,14921,45.9,9809,40367,24.3,921859,134.48,61.78
2R060,2016-02-01,18022,30402,59.3,26173,84717,30.9,2211061,122.69,72.73
2R070,2016-02-01,16609,27571,60.2,29992,69842,42.9,2794457,168.25,101.35
2R080,2016-02-01,8703,16727,52,14642,44297,33.1,998766,114.76,59.71
2R090,2016-02-01,14222,26661,53.3,21054,73012,28.8,1786992,125.65,67.03
2R100,2016-02-01,16708,48078,34.8,33300,173142,19.2,2094281,125.35,43.56
2R110,2016-02-01,14598,22794,64,28315,64061,44.2,1716101,117.56,75.29
2R120,2016-02-01,16288,35373,46,23796,98539,24.1,2235863,137.27,63.21
2R130,2016-02-01,8621,18067,47.7,14527,44254,32.8,1457724,169.08,80.68
2R140,2016-02-01,19620,29458,66.6,30176,76557,39.4,3062537,156.09,103.96
2R150,2016-02-01,1987,4553,43.7,2398,10585,22.7,320714,161.37,70.44
2R160,2016-02-01,4342,8091,53.7,7109,23548,30.2,846655,194.99,104.64
2R170,2016-02-01,15212,27736,54.8,26937,84085,32,2030873,133.5,73.22
2R180,2016-02-01,4317,9693,44.5,6938,32016,21.7,456836,105.83,47.13
2R190,2016-02-01,2897,8392,34.5,5200,22447,23.2,344149,118.81,41.01
2R200,2016-02-01,3906,7192,54.3,5731,22591,25.4,542625,138.91,75.45
2R210,2016-02-01,15014,20465,73.4,40492,77281,52.4,2249939,149.86,109.94
2R010,2016-03-01,815962,981918,83.1,1293938,2308381,56.1,159362664,195.31,162.3
2R020,2016-03-01,1528,3627,42.1,2480,9548,26,125717,82.28,34.66
2R030,2016-03-01,25028,42532,58.8,38944,117149,33.2,2847414,113.77,66.95
2R040,2016-03-01,41379,64480,64.2,77408,184202,42,6465972,156.26,100.28
2R050,2016-03-01,8611,15996,53.8,13915,43276,32.2,1131572,131.42,70.74
2R060,2016-03-01,22965,32519,70.6,34069,90613,37.6,2990792,130.23,91.97
2R070,2016-03-01,18405,29574,62.2,35098,74927,46.8,3174693,172.49,107.35
2R080,2016-03-01,10575,17918,59,18220,47461,38.4,1224135,115.76,68.32
2R090,2016-03-01,15735,28644,54.9,24973,78461,31.8,2140373,136.03,74.72
2R100,2016-03-01,24744,53892,45.9,50826,194960,26.1,3271140,132.2,60.7
2R110,2016-03-01,15511,24366,63.7,30187,68479,44.1,1920345,123.81,78.81
2R120,2016-03-01,17519,37913,46.2,25408,105586,24.1,2248532,128.35,59.31
2R130,2016-03-01,9436,19313,48.9,16430,47306,34.7,1552426,164.53,80.38
2R140,2016-03-01,18834,31589,59.6,29404,82119,35.8,2965521,157.46,93.88
2R150,2016-03-01,2021,4867,41.5,2414,11315,21.3,334608,165.55,68.75
2R160,2016-03-01,4917,8649,56.9,8790,25172,34.9,1070892,217.79,123.82
2R170,2016-03-01,16901,29667,57,32383,89931,36,2478857,146.67,83.56
2R180,2016-03-01,5474,10416,52.6,9441,34410,27.4,636946,116.36,61.15
2R190,2016-03-01,3951,8990,43.9,7289,24045,30.3,519685,131.53,57.81
2R200,2016-03-01,4587,7688,59.7,6532,24149,27,602350,131.32,78.35
2R210,2016-03-01,14241,21948,64.9,41256,82828,49.8,2520424,176.98,114.84
2R010,2016-04-01,769084,947506,81.2,1252608,2229856,56.2,136148757,177.03,143.69
2R020,2016-04-01,1159,3510,33,2034,9240,22,96561,83.31,27.51
2R030,2016-04-01,23135,41010,56.4,35908,112470,31.9,2561751,110.73,62.47
2R040,2016-04-01,34867,61380,56.8,62815,176970,35.5,4989462,143.1,81.29
2R050,2016-04-01,8182,15480,52.9,12824,41880,30.6,1033425,126.31,66.76
2R060,2016-04-01,21334,31470,67.8,32407,87690,37,2801267,131.3,89.01
2R070,2016-04-01,15489,28620,54.1,29343,72510,40.5,2585036,166.89,90.32
2R080,2016-04-01,10739,17340,61.9,18899,45930,41.1,1350876,125.79,77.91
2R090,2016-04-01,14149,27420,51.6,21814,75330,29,1811798,128.05,66.08
2R100,2016-04-01,25511,49590,51.4,48987,177480,27.6,3350549,131.34,67.57
2R110,2016-04-01,13963,23580,59.2,26990,66270,40.7,1623808,116.3,68.86
2R120,2016-04-01,18668,36720,50.8,25163,102240,24.6,2563008,137.29,69.8
2R130,2016-04-01,8593,18690,46,15643,45780,34.2,1427379,166.11,76.37
2R140,2016-04-01,18056,30570,59.1,27005,79470,34,2648843,146.7,86.65
2R150,2016-04-01,1970,4710,41.8,2399,10950,21.9,279313,141.77,59.3
2R160,2016-04-01,4684,8370,56,8782,24720,35.5,975563,208.28,116.55
2R170,2016-04-01,15507,28740,54,29862,87240,34.2,2206039,142.26,76.76
2R180,2016-04-01,5415,10080,53.7,9172,33300,27.5,552222,101.98,54.78
2R190,2016-04-01,3131,8700,36,6068,23269,26.1,365656,116.8,42.03
2R200,2016-04-01,4465,7440,60,6706,23370,28.7,580167,129.94,77.98
2R210,2016-04-01,12699,21240,59.8,36562,80000,45.7,2214846,174.41,104.28
2R010,2016-05-01,771643,979881,78.7,1192040,2305869,51.7,134524344,174.34,137.29
2R020,2016-05-01,1126,3627,31,1905,9548,20,93018,82.61,25.65
2R030,2016-05-01,21547,42377,50.8,31282,116219,26.9,2330726,108.17,55
2R040,2016-05-01,27662,63426,43.6,47989,182869,26.2,3778593,136.6,59.57
2R050,2016-05-01,6977,15996,43.6,10351,43276,23.9,908863,130.27,56.82
2R060,2016-05-01,18520,32519,57,26603,90613,29.4,2404248,129.82,73.93
2R070,2016-05-01,12942,29574,43.8,23067,74927,30.8,1981160,153.08,66.99
2R080,2016-05-01,9668,17918,54,15287,47461,32.2,1194188,123.52,66.65
2R090,2016-05-01,13625,28334,48.1,18827,77841,24.2,1724134,126.54,60.85
2R100,2016-05-01,20384,51003,40,35788,182916,19.6,2448222,120.1,48
2R110,2016-05-01,10296,24366,42.3,18566,68479,27.1,1197133,116.27,49.13
2R120,2016-05-01,16613,37944,43.8,22277,105648,21.1,2240697,134.88,59.05
2R130,2016-05-01,7001,19313,36.3,12747,47306,26.9,1162864,166.09,60.21
2R140,2016-05-01,14551,31589,46.1,19908,82119,24.2,2052388,141.05,64.97
2R150,2016-05-01,1574,4867,32.3,1895,11315,16.7,211985,134.65,43.56
2R160,2016-05-01,3891,8649,45,7029,25544,27.5,789995,203.03,91.34
2R170,2016-05-01,13491,29698,45.4,24390,90148,27.1,1816847,134.68,61.18
2R180,2016-05-01,4234,10416,40.7,6479,34410,18.8,462626,109.26,44.41
2R190,2016-05-01,2807,8990,31.2,4875,24045,20.3,401648,143.1,44.68
2R200,2016-05-01,3949,7688,51.4,5327,24149,22.1,522761,132.39,68
2R210,2016-05-01,10038,21948,45.7,26340,82667,31.9,1373594,136.84,62.58
2R010,2016-06-01,729098,951078,76.7,1176832,2237052,52.6,125309036,171.87,131.75
2R020,2016-06-01,1115,3510,31.8,1900,9240,20.6,89842,80.58,25.6
2R030,2016-06-01,21523,41010,52.5,32428,112470,28.8,2346059,109,57.21
2R040,2016-06-01,25189,61380,41,45008,176970,25.4,3219451,127.81,52.45
2R050,2016-06-01,7220,15480,46.6,10914,41880,26.1,948414,131.35,61.27
2R060,2016-06-01,20762,31470,66,29923,87690,34.1,2681585,129.16,85.21
2R070,2016-06-01,12858,30300,42.4,23799,80826,29.4,1897634,147.58,62.63
2R080,2016-06-01,7404,17340,42.7,11871,45930,25.8,837311,113.09,48.29
2R090,2016-06-01,12336,27420,45,18511,75330,24.6,1639229,132.88,59.78
2R100,2016-06-01,22155,64770,34.2,46555,232290,20,3594732,162.25,55.5
2R110,2016-06-01,8771,23580,37.2,16421,66270,24.8,1020041,116.29,43.26
2R120,2016-06-01,15894,36720,43.3,22693,102240,22.2,2092865,131.67,57
2R130,2016-06-01,6907,18690,37,11792,45780,25.8,1088715,157.63,58.25
2R140,2016-06-01,15240,30570,49.9,21679,79470,27.3,2147608,140.92,70.25
2R150,2016-06-01,1380,4710,29.3,1533,10950,14,222897,161.54,47.32
2R160,2016-06-01,3886,8370,46.4,7203,24720,29.1,783884,201.72,93.65
2R170,2016-06-01,14249,28740,49.6,27425,87240,31.4,1942091,136.3,67.57
2R180,2016-06-01,3935,10080,39,6602,33300,19.8,433000,110.03,42.96
2R190,2016-06-01,2857,8700,32.8,5356,23269,23,357126,125.02,41.05
2R200,2016-06-01,3872,7440,52,5487,23370,23.5,496345,128.2,66.71
2R210,2016-06-01,9161,21240,43.1,26916,80000,33.6,1344154,146.72,63.28