lga_code_2016,lga_name_2016,New Zealand,Japan,Hong Kong,Singapore,Malaysia,Indonesia,Taiwan,Thailand,Korea,China,India,United States of America,Canada,United Kingdom,Germany,Scandinavia,France,Italy,Netherlands,Switzerland
10050,Albury (C),67305,73547,6621,3739,24815,24191,546,12897,14024,30999,28342,83890,9847,75237,32690,6222,7823,200,8976,1045
10130,Armidale Regional (A),37627,0,2672,170,657,20255,90467,8319,493,185867,60922,240307,37248,96320,36693,15293,15789,10091,1088,1881
10250,Ballina (A),65003,16268,21048,239,5232,4102,17706,168,0,646,112,58812,42586,54575,65295,16480,9942,19208,6256,7693
10300,Balranald (A),4257,497,0,2010,24417,0,0,0,0,0,0,390,0,488,975,212,548,234,61,467
10470,Bathurst Regional (A),106659,2742,9161,5816,0,0,0,899,9596,8976,8661,24116,2361,73440,23338,9868,6928,2082,5232,1781
10550,Bega Valley (A),39831,29209,2528,3516,1728,345,0,2342,1580,22053,92202,73486,28439,66709,35319,10133,14396,3134,14995,7296
10600,Bellingen (A),6067,552,0,2760,117,0,0,10118,599,380,762,34525,3182,26551,8126,1445,5102,347,1395,3253
10650,Berrigan (A),12369,1802,0,0,1303,0,0,465,254,0,0,5569,0,29384,8978,2228,0,2490,1823,0
10750,Blacktown (C),666355,68787,56732,58003,49568,50425,1661,32394,117908,299511,1029863,275117,103582,208347,25524,85472,9909,8181,13739,3617
10800,Bland (A),0,0,0,0,0,0,0,0,0,0,0,1920,0,980,3235,0,0,57,0,116
10850,Blayney (A),919,0,0,0,0,0,0,0,0,0,0,3721,0,2268,0,0,0,7657,191,47
10900,Blue Mountains (C),90343,59156,38953,72896,29038,28186,29262,11988,23660,46751,26297,238680,67772,310947,133063,40652,106833,9748,31004,28226
10950,Bogan (A),295,0,0,0,0,0,0,0,0,0,0,1253,0,42178,0,4750,27214,0,33,0
11100,Botany Bay (C),205244,124575,37522,33172,78307,194344,34526,51977,198572,811838,81989,226826,36281,105992,24671,21596,28128,3022,3599,4949
11150,Bourke (A),1270,0,0,0,0,0,0,0,20754,0,0,40104,227,13282,233,260,5099,8949,98,1083
11200,Brewarrina (A),0,0,0,0,0,0,0,0,0,1477,0,0,0,4055,2407,0,0,0,0,0
11250,Broken Hill (C),23863,9208,0,96,0,47,8826,0,0,5047,0,11276,4201,12689,8163,31390,7192,631,10626,1688
11300,Burwood (A),59512,99152,157945,29971,17342,47451,185323,33067,197667,2159660,278171,36134,2561,35793,2747,2006,137535,26095,0,3884
11350,Byron (A),194280,202671,37204,14471,4915,3479,48032,43421,27737,19705,3502,348053,330364,1053379,638838,375061,375910,182232,141779,300196
11400,Cabonne (A),403,0,0,0,0,0,15268,0,4806,0,0,1975,0,86616,9294,1831,9349,0,659,0
11450,Camden (A),39843,4043,2693,18121,12416,5102,0,20105,38008,1914,1803,14848,135124,48768,13513,1541,103347,0,721,0
11500,Campbelltown (C) (NSW),413332,110228,14883,66364,84296,30367,0,102937,23754,103502,227372,76146,74516,197736,53343,8221,4105,1669,17220,276
11520,Canada Bay (A),185015,133054,197864,33303,32598,68081,30664,140681,454463,1897778,109215,111821,9777,142866,63652,64570,7351,211317,22874,6855
11570,Canterbury-Bankstown (A),433522,142459,100378,80309,141346,144727,149910,145885,155917,1565724,234633,95909,83157,136472,95548,3136,63221,99613,17606,6259
11600,Carrathool (A),0,6058,3812,0,0,0,57802,0,0,0,0,517,0,15284,11830,0,0,2250,0,80
11650,Central Coast (C) (NSW),237691,45225,11201,36460,27934,63629,5681,43526,230251,28345,157457,211602,136100,666674,87130,34440,60215,4098,34222,14019
11700,Central Darling (A),139,0,13195,0,0,0,6741,0,0,22310,0,4328,571,435,664,12120,53,0,28,392
11720,Cessnock (C),34588,0,1654,4396,0,0,3070,8506,0,4556,0,39248,11490,29315,7665,38757,9731,141,7335,1876
11730,Clarence Valley (A),24466,1218,1417,479,468,1800,549,71,0,47744,11967,34681,19873,41574,58581,10835,3084,601,13219,7890
11750,Cobar (A),4706,9484,0,0,0,0,130,11529,152,718,0,868,5178,37390,884,1019,254,17769,0,163
11800,Coffs Harbour (C),106415,74871,167582,3833,38896,20369,206339,29098,108690,18349,38077,190318,110416,291117,226064,76113,125211,34385,62054,22055
12000,Coolamon (A),0,0,0,180,0,0,0,0,0,0,0,0,4287,233,0,0,0,0,0,0
12150,Coonamble (A),0,0,6905,0,1475,0,0,0,0,520,0,676,247,14334,1327,6933,337,0,1855,211
12350,Cowra (A),1065,13122,0,5628,0,0,27326,0,1059,0,495,1335,1839,8296,2735,6038,904,0,225,144
12380,Cumberland (A),362973,82359,307905,51930,150073,75576,649618,134486,1747934,1236895,1739593,68146,38871,59055,132707,113170,20818,7347,6350,154
12700,Dungog (A),2413,495,0,0,0,0,0,0,0,24069,0,3124,0,1076,941,0,589,0,0,1943
12730,Edward River (A),1702,0,0,37,952,0,5284,0,564,0,48,2465,1765,3789,2291,255,0,0,188,11
12750,Eurobodalla (A),22515,487,652,4299,2873,68743,16646,14747,3078,8172,267,34572,24985,114815,67295,10790,18702,41958,4588,10637
12850,Fairfield (C),160476,301,31790,4826,25084,38385,6468,47903,12387,182764,31538,67499,31523,25033,14081,28702,25652,47329,107,5201
12870,Federation (A),2939,0,0,8524,0,0,0,0,0,3047,990,6402,987,25611,0,24501,0,0,1941,0
12900,Forbes (A),17423,0,0,0,145,0,0,0,0,549,0,7212,1337,15303,1188,0,988,0,35,0
12930,Georges River (A),252191,47391,428395,58402,138617,171735,253167,61394,83106,4883784,72966,74433,12153,88672,6171,9598,75208,15222,2016,5387
12950,Gilgandra (A),364,0,0,0,0,0,0,0,194,0,0,1299,0,9439,88,5173,0,786,4333,0
13010,Glen Innes Severn (A),15338,7658,1441,0,0,0,0,853,0,0,0,246,207,13390,3022,14372,0,0,1197,929
13310,Goulburn Mulwaree (A),25790,33269,471,11276,1116,0,1632,8216,71208,86159,483,11200,3129,89027,10795,2003,608,8021,1309,1373
13340,Greater Hume Shire (A),3546,0,0,0,0,0,0,0,0,130,0,1939,3398,1369,0,0,0,0,0,0
13450,Griffith (C),86492,11301,0,0,13081,0,83476,0,26730,20689,0,4630,11974,75255,89875,22345,99581,29212,5183,0
13510,Gundagai (A),12702,247,0,0,0,0,14860,0,19858,314,1661,30746,2664,23799,2478,1848,119,0,290,1886
13550,Gunnedah (A),145,10790,27657,0,0,0,13223,0,8724,3728,0,3711,753,599,1338,20,0,0,25,0
13660,Gwydir (A),0,0,0,0,0,0,0,0,0,0,0,0,360,11621,5408,422,3862,0,0,763
13800,Hawkesbury (C),31450,1390,4229,3126,1446,22818,17072,36833,23146,27410,16145,116447,6027,75749,18690,15354,8267,75534,3132,430
13850,Hay (A),2392,0,2992,0,0,0,132,0,732,163,352,521,789,2238,2013,733,424,0,0,179
13910,Hilltops (A),80265,273,2379,0,1063,0,87100,12461,1346,17282,465,7670,77610,20660,50509,31252,50804,6549,10931,0
14000,Hornsby (A),255549,144620,133273,56552,56884,10408,20423,44352,314746,1320002,468917,158293,54799,234500,34498,7205,39476,1204,0,6812
14100,Hunters Hill (A),7223,0,2827,265,0,0,0,0,0,17015,0,2634,2402,11911,8233,0,783,0,0,87
14170,Inner West (A),579415,391880,184283,329543,190731,113482,98707,257837,173261,2342503,271512,651115,183944,1526550,273887,111060,156307,223367,65204,64614
14200,Inverell (A),24576,952,13185,0,0,0,0,0,1692,2080,0,5846,10641,7169,16783,2440,17082,28,199,3757
14300,Junee (A),406,0,0,0,0,0,8726,0,0,0,0,366,692,0,0,0,0,0,0,0
14350,Kempsey (A),17023,300,7449,196,9713,2555,31034,805,158,5848,21795,7967,4532,41975,23477,5876,3743,4913,2001,1825
14400,Kiama (A),8735,162,2148,459,2464,14934,233,13499,13860,4144,626,30685,12059,85089,16263,9139,21754,1553,5402,3021
14500,Ku-ring-gai (A),100527,189591,77306,87114,44346,25126,113228,42718,329343,283385,24365,244536,56043,448083,74842,43381,174718,22022,23463,5774
14550,Kyogle (A),16126,0,1448,1206,0,0,0,1880,804,32360,0,13030,460,646,669,255,167,0,42,1343
14600,Lachlan (A),20026,0,0,12087,0,0,0,0,0,0,0,0,120,1282,2515,161,3870,1378,0,121
14650,Lake Macquarie (C),67231,5954,4208,6732,97,3084,0,14321,32763,5242,11891,25370,116692,108099,8671,23988,6000,140,5843,2473
14700,Lane Cove (A),24836,88965,35195,24686,3301,218,24486,3036,44462,126091,63985,140049,12426,121796,19764,11344,35288,117264,7800,8725
14750,Leeton (A),25783,495,5307,0,0,0,2729,1105,0,0,0,648,0,24289,20666,4686,56579,0,0,0
14850,Lismore (C),35324,43833,10839,893,37536,9411,20581,33522,3696,156972,5255,43814,28518,94035,48210,8805,29023,12995,9237,5997
14870,Lithgow (C),10927,0,0,408,137,831,0,0,84,1413,271,5020,4138,3561,1253,79,10089,310,0,273
14900,Liverpool (C),437378,3123,1824,18335,138038,40742,7355,5504,29106,117321,236584,104751,12958,64253,19439,30502,8512,48449,727,5991
14920,Liverpool Plains (A),0,0,0,0,0,0,0,0,0,1185,0,1363,55,27850,6837,0,0,0,0,0
14950,Lockhart (A),0,101,0,2035,0,0,4342,0,1791,2689,0,10603,0,4174,1857,2381,0,0,440,0
15050,Maitland (C),27313,1108,186,3278,0,134,25330,0,0,0,0,32228,2125,61542,5148,5332,757,4150,4049,373
15240,Mid-Coast (A),106153,4373,3197,5611,27559,34193,0,15099,4512,5812,2225,61979,22958,134027,19959,25700,20846,2860,11879,7705
15270,Mid-Western Regional (A),18746,1005,0,3032,0,0,2851,39314,57,288,0,8788,2463,33767,30998,47285,7133,30683,480,1223
15300,Moree Plains (A),59877,0,877,351,1401,0,23154,0,564,730,0,19814,25965,240019,13636,31231,11850,12117,3515,183
15350,Mosman (A),54528,15725,17898,20880,23305,34223,2014,1957,35862,35097,40228,30115,12120,136188,61235,3698,1369,45729,7812,12453
15520,Murray River (A),1051,0,0,0,0,309,0,253,0,0,0,2178,216,37606,1653,321,0,0,0,16376
15560,Murrumbidgee (A),1724,0,0,0,0,0,0,979,0,0,0,4400,1834,8215,396,0,320,0,0,0
15650,Muswellbrook (A),17144,0,40611,0,0,0,20102,0,0,0,27188,38320,3706,17933,191,5687,780,427,0,193
15700,Nambucca (A),18391,0,1989,678,0,0,159,0,0,4010,0,49585,4966,16193,13146,2696,6184,406,388,4088
15750,Narrabri (A),1303,0,0,0,0,0,0,0,0,0,0,14550,10194,84096,900,1531,75,0,7882,245
15800,Narrandera (A),1731,0,3430,0,0,0,0,0,0,0,0,560,291,6896,0,0,0,0,0,0
15850,Narromine (A),3889,5664,0,0,0,0,0,0,0,0,0,37505,0,5158,0,9598,0,2852,7057,0
15900,Newcastle (C),345444,285483,184502,170215,391003,41859,502054,101704,295083,1238324,123331,691738,164284,656297,440024,169365,59854,33330,57030,44150
15950,North Sydney (A),183852,761065,148499,193901,44522,143282,95793,202184,159198,269900,401381,501810,66086,889720,127944,198424,201311,84454,88132,60312
15990,Northern Beaches (A),633387,522987,36911,41488,10107,92037,25504,165330,568508,346741,133531,982709,277301,1462485,455657,264051,343110,341052,172336,155468
16100,Oberon (A),145203,3817,0,0,313,0,0,0,0,71,0,2548,2426,2427,15045,79,0,0,499,0
16150,Orange (C),40425,18271,6539,507,5192,2131,13580,10960,11891,1245,33899,12302,50371,74013,40340,2845,60639,8517,436,2049
16200,Parkes (A),31601,0,0,140,0,0,0,5272,0,0,0,6477,908,4182,3054,6895,6466,69,50,80
16260,Parramatta (C),576770,369772,323220,183785,418399,118806,128499,93057,1251102,2662341,2381526,290248,96719,399894,71568,37248,40142,30038,3807,14789
16350,Penrith (C),338703,26545,296,12635,2984,36047,10336,69722,35167,72547,164841,113857,37318,201550,106082,37451,11212,7175,14297,0
16380,Port Macquarie-Hastings (A),104510,4859,57084,6725,97334,11336,631,21676,10877,12529,22926,69151,30541,192572,124370,27584,32712,8293,17423,41313
16400,Port Stephens (A),30475,4264,6629,5584,1302,0,0,12650,21223,11136,1422,85154,33730,88953,33606,9739,10581,9776,5069,6120
16490,Queanbeyan-Palerang Regional (A),66133,29797,0,303,1326,4115,0,0,4824,14961,45501,57264,7613,42731,14552,1492,15846,7166,1242,1299
16550,Randwick (C),500655,236316,500712,410421,549071,843536,209189,214725,241810,3984399,245002,614666,169308,1243783,233095,282707,550795,212579,81612,42120
16610,Richmond Valley (A),8668,0,0,0,0,0,4927,0,0,733,3128,4976,8088,27319,36007,1203,195,2402,1181,1488
16650,Rockdale (C),81982,318980,213204,61664,27146,63824,8353,100791,81146,1344855,189098,76976,72924,151392,8471,32622,53671,78530,8697,3587
16700,Ryde (C),228007,122608,579293,147580,182624,291812,231556,118215,971457,4432969,786785,448399,89305,261441,44635,53349,62068,112913,20184,34430
16900,Shellharbour (C),18153,0,0,0,0,0,0,11640,25373,2721,971,48063,74449,43914,788,3250,138,887,930,5110
16950,Shoalhaven (C),100198,13733,6570,6549,4402,11734,0,2935,36912,29545,10023,118425,66220,152697,41880,11702,12268,34796,11661,7355
17000,Singleton (A),18348,5868,702,4425,328,428,21239,0,17041,74347,176,21914,5741,67267,16338,12776,34169,1227,6355,8538
17040,Snowy Monaro Regional (A),21665,42638,3392,6597,2624,7462,79691,4235,4140,4692,3363,48431,52295,134764,119290,19983,32358,12890,20531,56033
17080,Snowy Valleys (A),48864,0,81894,932,142,1030,0,114594,0,7013,0,5795,13780,46638,2856,3228,9927,13232,131,89
17100,Strathfield (A),110440,76596,208965,18864,5661,22978,91057,44792,2247579,793981,1161730,26589,28613,29730,1304,11682,7809,33757,3719,2886
17150,Sutherland Shire (A),166201,19143,48000,13686,7980,3055,32591,86611,20475,178408,175872,311857,153777,320938,76011,24615,59594,37421,21706,5112
17200,Sydney (C),5297057,6054153,3445282,3020659,2066407,2903192,4243222,2981760,7567877,18739282,3547463,7523273,2133971,13633641,5015869,2529918,4704054,3620988,900999,800826
17310,Tamworth Regional (A),78632,1574,76311,28316,900,13106,100286,3393,289266,55351,61783,99116,3170,66491,32903,16090,16559,21117,5837,12250
17350,Temora (A),1791,0,0,0,2952,0,0,0,0,0,0,1558,4481,23341,1842,0,0,0,0,0
17400,Tenterfield (A),4426,5409,1441,0,0,0,20805,572,0,0,0,2123,1935,5167,13192,8186,196,12246,1987,282
17420,The Hills Shire (A),267093,83900,56980,42462,34032,92298,21254,34069,214818,522010,561591,362309,38534,198755,78280,26806,13791,29948,16557,18481
17550,Tweed (A),261345,43625,26428,9367,9224,1270,0,13620,0,14133,8195,72128,46554,192982,61531,19688,8233,30379,6820,2265
17620,Upper Hunter Shire (A),28150,0,1819,0,331,6255,102909,0,33111,9861,123,11080,2818,52092,6954,3065,0,357,2600,0
17640,Upper Lachlan Shire (A),147026,6417,0,530,63,0,0,0,0,0,0,853,819,18251,472,70,2001,0,20,0
17650,Uralla (A),4099,0,730,0,7514,1050,66,0,6728,35781,0,5248,0,7604,1217,0,10465,0,0,0
17750,Wagga Wagga (C),65281,2255,2388,12584,61998,45880,54043,7831,39099,107052,86999,62533,20884,82549,5836,10369,59797,8050,4899,1238
17850,Walcha (A),1446,495,0,392,0,0,0,0,127,2924,0,1816,0,38847,36504,0,18282,421,227,455
17900,Walgett (A),6099,0,0,176,0,0,0,4253,444,0,0,115477,14924,56851,2090,5659,180,0,247,26
17950,Warren (A),0,0,0,0,0,47,0,0,0,0,0,145,8824,4460,898,18711,6308,0,0,0
18020,Warrumbungle Shire (A),4517,0,1257,0,0,0,248,0,0,772,4625,10016,1905,7339,9098,984,6198,0,2363,4312
18050,Waverley (A),164494,375776,203025,39434,11237,25612,38197,19230,74230,174422,6825,466248,415353,1744769,228125,445741,495265,331601,186094,108552
18100,Weddin (A),0,0,0,0,0,0,0,0,0,0,0,1641,0,15640,4230,0,0,3902,0,221
18200,Wentworth (A),4654,0,45967,1511,817,0,0,0,16726,2212,11000,1202,2795,30843,3195,9740,622,0,0,287
18230,Western Plains Regional (A),51143,211,51778,11239,11064,4438,70611,27877,43436,43783,10504,9973,7630,127527,46840,4149,10930,1946,9914,575
18250,Willoughby (C),138207,543150,421951,195876,144691,102765,131747,63104,1516134,2265687,419044,132844,28980,209234,35848,18504,86713,6384,6861,16976
18350,Wingecarribee (A),60502,89,43736,12268,9345,6644,0,160,9807,23786,42477,44925,16072,126690,70252,5373,382,0,2002,366
18400,Wollondilly (A),33233,3651,9341,173,0,2824,0,0,3786,2335,0,13873,39709,43836,14818,7451,5554,0,53,829
18450,Wollongong (C),128977,409691,100036,78083,161232,88276,141242,221822,184578,1803720,319331,478974,100491,273746,118351,104858,178313,79126,34963,13273
18500,Woollahra (A),136714,78092,25404,26710,9918,27065,4712,13795,2837,155601,31942,179812,32779,802597,92886,107588,276280,68758,23863,34009
18710,Yass Valley (A),4667,0,2922,0,0,13434,0,88,0,0,2855,10307,2952,43170,24028,1660,9323,11564,437,114
19399,Unincorporated NSW,109542,6541,7850,6693,8729,2506,262,42245,13955,14337,3246,103599,16066,143924,16409,62104,33657,20138,7864,3303
20110,Alpine (S),23046,667,277,1299,1372,1827,217,168,3537,4310,8175,9595,1944,30613,19072,2138,4575,0,3859,7158
20260,Ararat (RC),38314,0,0,0,0,0,99340,0,0,0,168,280,5474,5796,2679,14976,705,3553,86,348
20570,Ballarat (C),80782,15592,5331,31889,28978,8462,1039,10657,25454,116643,199495,58316,31579,139399,13499,140700,22854,13515,10568,2455
20660,Banyule (C),106556,62037,72054,149652,352370,28037,59446,121804,21503,1511001,346152,259162,116277,264912,19822,75573,114426,22008,5881,19714
20740,Bass Coast (S),51742,1986,4772,22351,39190,6769,1170,5880,520,24505,8572,27693,21322,91758,54184,8402,77170,9392,11979,9317
20830,Baw Baw (S),28296,10142,67416,2184,256,859,9242,4312,116170,19634,29170,5819,1623,54285,16232,7493,32951,6556,4787,1116
20910,Bayside (C),89079,100621,15391,6991,27230,55260,7538,34297,1355,507975,90298,62493,10818,273025,73020,26135,104619,6731,29612,1537
21010,Benalla (RC),21781,0,0,0,3610,0,0,0,93,50363,1476,4465,464,43505,613,449,902,0,270,27
21110,Boroondara (C),245004,121657,137492,175494,437817,147055,70007,264397,272374,2306655,493864,210059,48797,344625,165807,25003,34197,199393,5670,39624
21180,Brimbank (C),133609,10782,99148,22736,32971,21385,78577,51187,46416,110746,452894,115553,37860,58580,233915,1522,5588,4888,8945,2492
21270,Buloke (S),1732,0,0,0,0,0,243,0,0,748,0,219,0,0,429,0,1678,28,134,95
21370,Campaspe (S),66483,3454,5001,1160,20157,5421,33343,1727,32185,11554,475,9566,16766,75798,5544,5218,58619,14718,52605,15385
21450,Cardinia (S),63716,15630,84659,3786,9657,298,32945,51576,19653,6061,257799,66595,47820,126845,20165,5485,18243,875,8422,14224
21610,Casey (C),310793,2910,106697,40354,108386,12775,40008,79911,5093,255788,673661,112526,6240,273958,18029,5447,39722,33258,67323,1768
21670,Central Goldfields (S),3964,0,3417,1988,524,0,0,0,935,1695,4181,14454,87,10945,3020,0,367,0,978,4473
21750,Colac-Otway (S),30716,1414,3081,18442,15895,1023,36780,3048,764,36097,4062,44311,13032,127589,68911,12839,26165,14953,18877,15569
21830,Corangamite (S),19685,2642,3703,11116,5659,0,500,1830,9295,30397,4534,14354,13542,35980,27224,3149,13426,4674,6793,6568
21890,Darebin (C),157796,88712,69747,49207,101830,31493,151403,147228,91378,865410,836719,288701,164799,278712,151190,29050,56533,107897,50279,21764
22110,East Gippsland (S),45313,3423,5022,5440,5298,2171,2383,382,7735,109846,12563,31302,28614,96729,45990,6319,19984,2340,31413,15095
22170,Frankston (C),152765,14649,63082,3362,48975,41163,942,88507,12889,88862,65368,67722,23793,486058,110350,9150,13556,39516,7843,0
22250,Gannawarra (S),0,820,0,0,0,0,0,0,0,0,0,3419,1222,2969,109,132,0,0,106,49
22310,Glen Eira (C),340046,85264,189104,115933,220040,180166,46949,133618,121964,1658026,514075,155331,56280,300677,47265,21231,68445,107164,3941,27174
22410,Glenelg (S),14804,7008,852,2060,1826,2061,0,259,0,2427,26257,9641,12680,12606,9946,1747,53660,2339,2935,3145
22490,Golden Plains (S),8839,0,0,379,931,0,0,0,0,0,0,1626,0,1217,0,0,0,0,6545,0
22620,Greater Bendigo (C),75768,13494,411,435,12667,512,11212,13060,2244,64602,42782,68272,4496,98989,18777,12626,39881,10363,10256,1039
22670,Greater Dandenong (C),348156,82682,94023,32463,326807,75819,92435,98504,18617,505081,648841,64528,36875,54671,15987,5947,33847,7232,11833,86
22750,Greater Geelong (C),133792,18557,45250,25740,221130,40344,84021,42831,1469,400428,335255,99117,69805,310862,65856,30923,75969,20065,90503,17835
22830,Greater Shepparton (C),142819,17504,137167,2696,80828,15508,237124,945,56493,13694,3946,32227,8558,78121,64813,17825,129926,75884,1231,997
22910,Hepburn (S),6625,7083,2907,4246,4550,940,0,75,0,5776,899,16158,1257,19539,1886,0,14194,2674,5135,1759
22980,Hindmarsh (S),4788,5305,0,0,476,0,0,0,0,681,0,3569,0,16013,208,14945,0,0,141,560
23110,Hobsons Bay (C),177643,34211,23176,18893,19043,41035,10149,37973,3134,223518,322408,97223,40094,202422,55914,68677,34329,33462,31205,10091
23190,Horsham (RC),14562,0,0,0,50,96,0,0,0,8371,1362,51376,16585,19297,5402,5299,1010,0,745,6203
23270,Hume (C),304956,26337,9133,132147,73722,11004,5096,12366,2334,239147,589409,71004,15451,91041,28216,12569,43920,3373,13352,3603
23350,Indigo (S),20423,0,407,415,246,0,301,5129,0,0,0,8259,1940,14235,2780,3506,3305,0,142,2223
23430,Kingston (C) (Vic.),204449,41983,86160,74405,35657,38577,34934,26782,42135,459190,373363,63819,22127,322082,67939,22772,28093,77693,16772,11126
23670,Knox (C),118047,12326,122286,63558,148115,20164,5540,33147,30368,258052,121474,54089,8417,439109,47204,22118,53942,17670,4838,4163
23810,Latrobe (C) (Vic.),83255,5382,15726,6823,13183,0,0,29546,2459,8417,12893,7800,904,64147,18584,0,3686,9172,6145,0
23940,Loddon (S),0,0,0,0,0,0,0,0,0,204,0,0,0,4044,14335,0,19187,0,59,0
24130,Macedon Ranges (S),63861,3042,169,1852,10315,0,0,3073,5631,3648,1048,14332,5098,94013,9653,219,7212,0,459,2523
24210,Manningham (C),59120,5685,151767,105633,293932,9449,100505,34782,37893,1218864,120365,60114,68676,97765,29636,46918,14675,34674,379,991
24250,Mansfield (S),3048,14897,0,8992,2047,270,14582,1688,7066,739,331,2861,732,12540,444,2707,2197,10360,9621,0
24330,Maribyrnong (C),220946,18682,67817,54344,96017,31262,30139,99262,52363,1323655,235197,131966,60362,290485,44655,7847,68402,69768,22785,1948
24410,Maroondah (C),55938,1636,10284,19404,26554,11139,54923,59600,706,209549,90425,39887,11313,181781,23967,0,20675,3302,4850,2224
24600,Melbourne (C),3875069,3321333,2835426,3359620,4759968,2470083,3425417,1346088,3375041,20005127,4382211,3997870,1373505,6530553,2747756,1044166,2316596,1980361,467522,350538
24650,Melton (C),277826,6220,6759,1686,22113,16524,33671,6034,10541,98481,410278,30002,25238,51527,1947,9703,117,28273,1034,139
24780,Mildura (RC),145435,94451,295165,2901,165027,8053,403655,3633,53259,49548,8487,40916,15464,327445,137603,43702,98216,171469,5214,2386
24850,Mitchell (S),16076,34356,0,2162,10059,0,1403,250,11064,53124,5535,44415,173,42683,1931,3507,4063,0,55,67
24900,Moira (S),20145,4108,1384,412,10242,2036,26886,5387,983,569,0,70995,8359,64312,0,23901,22674,0,1871,0
24970,Monash (C),239769,133748,820208,675315,934024,511061,228708,151816,267679,5228118,947044,139307,107380,264354,77451,41658,98553,136391,15751,5698
25060,Moonee Valley (C),197275,20987,53899,33899,224880,24507,6074,27590,108264,739259,457376,60116,33898,54590,43195,5250,11536,76483,14515,5839
25150,Moorabool (S),11762,0,0,1645,1801,0,0,0,0,0,0,1097,9322,35982,0,0,228,37631,92,0
25250,Moreland (C),298146,157946,42130,112035,252784,197932,67743,122669,53293,954633,499999,265550,77968,478676,180849,87461,130567,312205,19810,4430
25340,Mornington Peninsula (S),116255,11502,28237,19331,27704,52301,2112,25025,4638,46081,7069,92572,24003,374758,109749,22228,49479,99945,38356,8704
25430,Mount Alexander (S),27103,0,0,328,0,482,4558,231,0,405,9905,5260,203,61442,121,4860,3692,283,0,567
25490,Moyne (S),17280,1973,193,5696,12831,71,16230,259,633,14951,3381,7010,58783,33131,26207,10142,8646,1282,5201,6202
25620,Murrindindi (S),22873,4905,6941,17922,3805,925,4354,451,16989,10538,168,19950,13612,20775,4413,3287,8187,2124,1171,1161
25710,Nillumbik (S),32782,0,6753,107,1062,25638,12014,7466,0,15743,0,32093,125,181874,5222,36601,6485,5465,6016,13642
25810,Northern Grampians (S),10249,2471,246,9437,3885,650,984,1878,499,3874,1629,36552,8066,41938,54808,9932,15516,2003,14702,12360
25900,Port Phillip (C),432462,200003,87776,123078,124814,172369,45338,52006,62281,416480,344210,498482,119750,1836400,356570,274099,360070,376502,63008,62493
25990,Pyrenees (S),717,0,0,0,0,0,0,0,29997,881,0,1046,61,41419,2385,775,1286,0,304,0
26080,Queenscliffe (B),3424,5255,0,0,2412,0,0,0,0,1456,332,8470,8214,6560,2703,680,306,0,125,0
26170,South Gippsland (S),12674,332,388,4605,4169,203,175,4080,9411,181320,1147,29322,16991,59921,77716,2817,14012,2549,23334,9614
26260,Southern Grampians (S),42423,0,713,216,0,0,602,0,1616,4333,5643,3143,989,6893,2335,23652,3557,446,3878,10072
26350,Stonnington (C),404558,170131,83279,122692,248761,244039,144505,229804,122567,1371962,316921,399998,59861,974768,206936,68648,220095,278768,40979,5407
26430,Strathbogie (S),18857,0,0,1872,0,0,1472,305,0,602,0,10719,2121,24480,7326,1734,0,2636,177,0
26490,Surf Coast (S),54747,605,1501,7325,6789,837,0,1285,1945,19661,29165,120806,15252,102903,21903,9179,26151,16031,7127,11346
26610,Swan Hill (RC),4086,3339,45865,0,63467,2647,152536,5885,107,168,94,14657,2006,31448,23255,41350,36481,12079,239,5795
26670,Towong (S),2212,0,0,208,0,0,0,0,0,0,0,856,97,14922,6931,1007,551,120,351,0
26700,Wangaratta (RC),9538,33026,2968,2196,49521,3496,45960,5204,827,68213,4141,34052,3132,20033,8329,4996,9964,10709,378,186
26730,Warrnambool (C),51343,86184,91589,6791,2700,1921,123977,933,312910,25613,15531,35419,19205,27431,30909,5939,7267,2750,5970,7063
26810,Wellington (S),17368,3663,46402,3847,67983,158,65015,1624,2044,14301,498,34989,32544,56042,43290,7500,4784,1704,12133,17215
26890,West Wimmera (S),2785,332,0,0,0,0,0,0,0,0,0,84,0,18376,6964,0,0,0,213,287
26980,Whitehorse (C),132331,94085,609030,187769,776756,301179,520164,121768,99007,5095617,526790,230096,56048,247256,81802,41455,18310,50374,29498,28193
27070,Whittlesea (C),80533,0,11600,183832,98917,24868,6306,27937,34749,363418,698730,50932,16438,84951,17846,7172,3351,9093,31,3188
27170,Wodonga (C),26150,0,407,0,194,130,27513,0,0,6293,0,1525,4266,37127,6548,941,226,194,296,68
27260,Wyndham (C),563082,10311,55775,115366,183047,99863,98220,95214,62371,775795,1877048,96272,28547,308310,38223,4621,86440,44432,5123,1053
27350,Yarra (C),556636,52668,54511,49210,96129,40335,54699,16360,31903,111407,50257,296039,81013,670232,168681,100586,330717,241325,38152,6430
27450,Yarra Ranges (S),93873,6005,38023,12748,16947,2144,58278,9497,317,79398,36481,62122,49096,158172,50705,2875,77947,60097,37102,3830
27630,Yarriambiack (S),406,0,0,0,0,49681,0,0,0,0,12307,16660,0,144,609,131,0,0,0,47
29399,Unincorporated Vic,18326,1013,16401,21115,7882,1136,36745,2753,5486,146434,6245,69828,82446,189461,119915,34935,60063,13969,38331,26835
30250,Aurukun (S),0,0,0,0,0,0,0,0,0,0,0,0,0,0,0,0,0,0,0,0
30300,Balonne (S),6888,0,715,0,0,4136,15970,4806,1803,0,0,0,3412,29892,17029,6180,38138,11615,59,0
30370,Banana (S),23558,0,0,0,1149,0,0,0,14849,921,0,7034,13118,101180,15043,30007,4027,70805,15551,1383
30410,Barcaldine (R),12258,0,2965,9899,0,0,0,0,0,0,0,857,1179,13595,192,288,0,907,0,636
30450,Barcoo (S),0,0,0,0,0,0,0,0,0,0,0,535,13910,202,0,0,0,0,131,340
30760,Blackall-Tambo (R),5404,0,0,0,0,0,0,0,0,712,0,79,0,244,1882,222,0,12749,233,4757
30900,Boulia (S),2470,8814,0,0,3215,0,0,0,0,0,0,291,0,2845,288,1391,0,0,61,970
31000,Brisbane (C),4189697,3737915,3069092,1929100,1817849,907507,5507432,1073057,6738750,14690987,3907680,3552398,1588659,6660304,2179544,1580214,1587822,1345867,527242,437134
31750,Bulloo (S),0,0,0,0,0,0,0,0,0,0,0,247,548,0,0,0,0,0,0,0
31820,Bundaberg (R),129865,306127,193629,848,5378,20075,812168,22027,179472,14578,27496,28609,70385,431313,314505,81468,220416,109526,70449,6182
31900,Burdekin (S),2742,16797,0,13,0,0,105679,0,20463,1993,19238,16090,649,102973,91943,23985,44813,62819,26476,323
31950,Burke (S),4293,0,0,0,0,0,0,0,0,0,0,0,302,155256,2467,0,1010,1022,1287,1050
32080,Cairns (R),1158305,1917265,517419,81655,48234,86866,449434,100975,874999,2071470,237485,1694207,583401,2835625,1545198,643076,941738,297830,325714,333807
32250,Carpentaria (S),141313,0,0,0,0,0,0,0,0,0,0,9626,1615,2076,7964,414,1166,511,470,1651
32260,Cassowary Coast (R),46937,160841,20561,1505,990,0,47488,2035,96966,23837,63392,44580,30054,412385,139086,70192,124481,108464,60771,19344
32270,Central Highlands (R) (Qld),124993,36337,42325,1892,13,2668,76032,6280,59229,1986,0,6393,28217,86642,70513,19679,19415,14522,75992,1245
32310,Charters Towers (R),11799,0,114,4787,0,0,0,194,0,168,655,4568,7040,56831,4461,4861,3567,1899,4277,985
32330,Cherbourg (S),0,0,0,0,0,0,0,0,0,0,0,0,0,0,0,0,0,0,0,0
32450,Cloncurry (S),14006,0,0,0,0,0,185,21632,117,248,0,12026,89,5376,20445,1025,15134,452,733,198
32500,Cook (S),11064,2746,10961,982,0,0,122206,26766,0,0,0,17685,3488,71774,41499,5789,4319,11978,1640,4600
32600,Croydon (S),259,0,0,0,0,0,0,0,0,0,0,0,18437,2506,13603,0,201,185,138,0
32750,Diamantina (S),0,0,0,0,58,0,0,0,0,0,0,3234,584,9867,0,0,0,12105,0,760
32770,Doomadgee (S),0,0,0,0,0,45,0,0,0,0,0,0,0,0,0,0,0,0,0,0
32810,Douglas (S),388562,22926,14756,4998,7894,580,4093,839,30496,13946,16693,369376,101868,532586,155301,111558,160732,73015,52444,21214
33100,Etheridge (S),9625,0,0,10,0,0,0,0,117,70,0,602,990,1040,5553,1388,1138,511,710,1923
33200,Flinders (S) (Qld),4368,0,0,129,0,0,154,0,141,0,0,773,451,1996,3792,440,9550,289,1837,436
33220,Fraser Coast (R),163738,56553,46618,6632,1309,890,79066,15303,27881,32315,136144,71355,91373,640939,362884,127456,105300,47025,74028,66457
33360,Gladstone (R),392820,3971,1785,19704,109103,135963,2229,35282,36655,69941,86113,560756,38180,421481,151207,55154,32352,55593,61733,29097
33430,Gold Coast (C),6115216,3282848,843428,804180,705584,217702,1205411,371268,1716082,4560825,725948,1495404,873179,2837170,847002,562535,581070,740915,140311,307879
33610,Goondiwindi (R),36546,0,10042,0,0,0,201,0,0,0,0,655,1499,33386,38677,4066,45,2300,20597,110
33620,Gympie (R),51087,27580,5978,967,143,0,0,31782,11968,5670,5024,20415,52091,198483,198108,48504,42207,19420,26608,28184
33800,Hinchinbrook (S),8526,0,51,13,0,0,21132,0,0,0,0,8939,253,4574,4056,4395,4806,2495,1398,962
33830,Hope Vale (S),0,0,0,0,0,0,0,0,0,0,0,0,0,0,0,0,0,0,0,0
33960,Ipswich (C),431275,55514,12671,17897,72677,1009,34545,16727,47583,5370,81591,65463,27901,158837,22330,4536,24813,6909,14858,18794
33980,Isaac (R),89689,0,246,0,13,1138,0,0,93,561,35383,91283,14493,34215,51153,11964,22805,197,9438,527
34420,Kowanyama (S),0,0,0,0,0,0,0,0,0,0,0,0,0,0,0,0,0,0,0,0
34530,Livingstone (S),80837,1882,0,7129,0,0,11548,1505,69,0,0,18921,7000,81738,24539,24375,14932,10749,4410,3951
34570,Lockhart River (S),0,0,0,0,0,0,0,0,0,0,0,0,0,1929,0,0,556,0,138,0
34580,Lockyer Valley (R),22130,198371,114603,7604,24030,34923,617368,46606,130096,41344,9905,25304,0,159837,35057,13004,49283,22493,751,0
34590,Logan (C),995939,46882,37930,16584,4217,8071,94369,74714,60575,214186,97859,38665,71080,230250,46755,3917,13146,1954,1906,8184
34710,Longreach (R),48257,14689,0,0,0,0,206,0,0,0,0,2898,5018,80414,3151,0,273,3803,4873,1310
34770,Mackay (R),365368,47597,34676,5940,79223,2054,102810,32629,68102,112748,221771,42481,28239,196312,82493,12467,60970,35292,14538,15555
34800,McKinlay (S),1244,19,0,0,0,0,144,0,0,0,0,397,1363,23082,1151,149,190,0,247,760
34830,Mapoon (S),0,0,0,0,0,0,0,0,0,0,0,0,0,0,0,0,2088,0,0,0
34860,Maranoa (R),139276,0,0,10295,2754,10391,98,22912,3576,0,4676,36486,66995,78368,17788,5837,2924,33133,5708,252
34880,Mareeba (S),77417,90703,1291,2103,3698,0,167953,13606,96447,762,0,83996,867,75830,164191,15413,80169,67785,19152,5574
35010,Moreton Bay (R),861610,149768,140359,19838,23656,22065,558653,37526,488462,49638,145428,68395,52382,701440,65749,78607,58298,56673,12116,7931
35250,Mornington (S),12701,0,0,0,0,0,0,0,0,0,0,850,0,0,0,0,0,0,0,0
35300,Mount Isa (C),116835,229,122,129,5699,0,10938,1564,5256,22116,0,8570,10922,64256,20104,19288,15879,2025,20947,4254
35600,Murweh (S),26411,8226,0,0,0,0,0,0,0,1221,19101,11954,49,1479,7823,372,989,5665,147,621
35670,Napranum (S),0,0,0,0,0,0,0,0,0,0,0,0,0,0,0,0,0,0,0,0
35740,Noosa (S),565778,142141,10404,14577,5940,2336,36558,6006,93764,22934,1175,185926,166578,707380,346875,193507,225953,96046,90097,168212
35760,North Burnett (R),5504,7367,2452,0,0,0,102228,7186,92170,393,0,205,37655,29032,13879,11319,194780,55671,5732,239
35780,Northern Peninsula Area (R),3002,0,0,0,0,0,0,0,0,0,0,0,0,0,0,491,0,0,553,917
35790,Palm Island (S),12209,0,0,0,0,0,0,0,0,0,0,0,0,0,0,0,0,0,0,0
35800,Paroo (S),2295,0,0,0,0,0,0,0,0,0,0,13991,1212,3224,169,1468,2592,1856,11520,287
36070,Pormpuraaw (S),0,0,0,0,0,0,0,0,0,0,0,0,0,0,0,0,0,0,0,0
36150,Quilpie (S),874,0,0,0,0,0,152,927,0,0,0,185,282,294,0,0,0,0,131,8455
36250,Redland (C),264846,8597,1899,4593,8935,10783,37980,3196,101,21142,28291,29854,34840,236354,68035,29538,24946,17434,5462,4171
36300,Richmond (S),13349,0,0,0,0,0,0,0,8826,0,0,4474,16668,153,989,5903,944,0,10821,0
36370,Rockhampton (R),176343,25355,5236,66363,319,382,42425,9933,42626,64777,11905,57000,24591,127884,100816,30152,36065,75289,22119,15142
36510,Scenic Rim (R),69185,61407,13878,40352,3590,47,50,0,26002,0,107,31328,17904,98447,41428,5550,68839,31374,4688,7296
36580,Somerset (R),16902,24880,3503,519,41608,0,119358,0,46843,0,0,3222,2285,11980,17683,4670,0,0,3368,52
36630,South Burnett (R),11197,3971,0,90,0,0,3013,9464,0,0,0,27245,7797,6443,4380,838,28049,0,3462,392
36660,Southern Downs (R),18999,47093,107176,169,0,1155,633326,71,110187,0,0,9955,5155,155038,150046,25821,104234,99492,9355,118
36720,Sunshine Coast (R),1332564,152992,8487,57784,19611,13250,235524,73030,269558,285852,32880,331155,263369,986395,551146,272836,135760,170748,30021,93736
36820,Tablelands (R),31827,45431,1472,220,1353,8195,8077,20710,3278,9945,0,86195,11722,176848,47921,2889,29707,786,12904,3567
36910,Toowoomba (R),166999,44409,56290,73598,150270,37634,293872,23566,109490,74301,144076,187006,121194,282081,173827,91971,33723,1227,28763,6497
36950,Torres (S),52712,856,0,0,0,0,0,0,0,0,0,72,166,34251,6896,671,2925,83,696,3998
36960,Torres Strait Island (R),0,0,0,0,0,8201,0,0,0,0,0,113,0,1463,0,0,0,1585,0,0
37010,Townsville (C),637522,56882,140055,74386,32754,29896,47656,140852,111848,105733,314485,669776,227526,751691,371338,285908,196881,90925,63770,42976
37300,Weipa (T),16873,0,0,0,0,0,0,0,0,0,2373,1691,551,8540,0,0,5579,1210,71,0
37310,Western Downs (R),92797,239,59610,2147,34883,11879,53701,27780,17829,6279,10229,31355,68503,134881,40777,27288,9748,12080,1462,73
37340,Whitsunday (R),412245,350640,192138,31939,15032,2198,324459,36250,320845,156299,33860,376248,217797,1260814,568573,201522,266014,111724,132715,116581
37400,Winton (S),6065,7932,0,0,0,45,0,0,0,0,0,368,159,26981,4523,2645,0,843,11148,559
37550,Woorabinda (S),0,0,0,0,0,0,0,0,0,0,0,0,0,81,0,0,0,0,0,0
37570,Wujal Wujal (S),0,0,0,0,0,0,0,0,0,0,0,0,0,0,0,0,0,0,0,0
37600,Yarrabah (S),21472,1695,637,1946,0,0,1147,64,97,16408,65,28013,6114,14009,7275,7300,681,676,3841,4553
40070,Adelaide (C),629621,304630,944993,598361,679099,242388,769217,189691,501083,3484715,588203,1367543,539808,1616177,727025,307241,567821,307551,223627,135705
40120,Adelaide Hills (DC),6563,865,0,0,2119,10619,0,0,1541,0,0,12468,10405,56786,13828,598,18505,30718,12820,2733
40220,Alexandrina (DC),12501,0,138,4271,0,9563,0,0,0,202,0,5948,2038,42675,10836,4711,4314,1301,395,2605
40250,Anangu Pitjantjatjara (AC),2523,0,0,0,0,0,0,0,0,0,0,3805,0,0,1630,0,0,0,0,0
40310,Barossa (DC),18553,3056,2479,15329,1362,14064,0,0,26908,2991,1329,150861,6008,40487,23877,12077,151946,399,18069,4824
40430,Barunga West (DC),142,0,0,0,0,0,0,0,0,0,0,227,164,0,0,0,0,0,117,0
40520,Berri and Barmera (DC),18100,0,5023,0,3059,0,13482,1685,0,0,0,1538,1742,17654,46687,8139,28918,45810,528,861
40700,Burnside (C),38360,24357,13762,6894,22600,4768,43235,35588,111470,322608,34972,47429,18097,36935,3741,855,27272,0,6717,374
40910,Campbelltown (C) (SA),6057,10550,4481,15508,38751,10561,0,6864,42177,243424,58511,12759,6389,31468,0,211,2724,43014,2847,0
41010,Ceduna (DC),3510,0,200,0,0,0,138,0,230,0,672,3323,652,5696,19942,1422,7564,708,2914,980
41060,Charles Sturt (C),13944,77422,61145,22235,47685,3424,22534,17301,34348,139897,161996,143669,25736,199720,30334,3052,35918,15804,9085,3798
41140,Clare and Gilbert Valleys (DC),4869,0,811,337,1697,0,0,0,0,0,0,53632,9434,14196,4581,81481,1207,0,276,388
41190,Cleve (DC),145,0,0,0,0,0,0,0,0,0,0,36627,0,145,712,0,0,0,131,0
41330,Coober Pedy (DC),16545,4083,1180,1173,0,80,1138,0,1178,1160,0,8805,4955,56010,33507,4369,7854,2895,7464,9457
41560,Copper Coast (DC),67742,0,90617,0,0,0,0,3639,0,1449,0,185,1639,39399,846,0,182,0,153,0
41750,Elliston (DC),1968,0,0,0,0,0,0,0,0,4584,0,802,0,1970,3558,19574,192,0,320,350
41830,Flinders Ranges (DC),15697,0,301,2501,476,33,84,0,113,143,0,2407,429,10866,6497,1773,13787,22976,4114,2097
41960,Franklin Harbour (DC),2053,0,0,0,0,0,0,0,0,0,0,0,0,390,269,0,0,0,0,0
42030,Gawler (T),7538,1214,12438,7755,205,0,0,0,0,0,16967,8866,2566,66413,673,4056,0,0,7066,0
42110,Goyder (DC),5489,0,0,0,0,0,0,0,0,0,0,625,0,18424,4919,0,0,0,625,27
42250,Grant (DC),131,0,0,0,379,0,0,0,0,820,0,91,0,2338,52,0,310,0,25,112
42600,Holdfast Bay (C),104234,373,6882,32009,13225,35484,0,56100,8813,71036,11497,45960,77823,230728,16614,11506,8133,1402,8142,11593
42750,Kangaroo Island (DC),9720,1949,6273,7702,2712,0,3889,0,706,21048,3562,57428,21094,39895,71702,19315,33272,130278,13642,29095
43080,Karoonda East Murray (DC),0,0,0,0,0,0,0,0,0,0,0,0,0,1024,0,0,0,0,0,0
43220,Kimba (DC),7365,0,0,0,0,0,0,0,0,0,0,277,287,130,491,0,0,0,48,287
43360,Kingston (DC) (SA),18341,2890,51,0,261,90,0,259,0,1287,1157,1719,1029,932,2407,330,1537,75,603,1752
43650,Light (RegC),7793,0,0,0,1269,0,0,0,0,0,0,0,640,22306,0,140,3119,0,318,619
43710,Lower Eyre Peninsula (DC),2326,0,0,30,0,0,0,0,0,0,0,0,0,2893,87,930,494,8475,4131,546
43790,Loxton Waikerie (DC),1173,14487,0,0,952,0,5783,142,0,0,0,2492,1476,64446,22439,10310,18854,12104,3830,495
43920,Mallala (DC),482,0,0,0,0,0,0,0,0,0,0,277,0,2560,0,0,0,0,0,115
44000,Maralinga Tjarutja (AC),0,0,0,0,0,0,0,0,0,0,0,0,0,0,0,0,0,0,0,0
44060,Marion (C),19480,11096,14971,60377,26674,65667,0,1629,20381,323647,159564,116160,52302,269900,31230,1474,0,43673,3718,19462
44210,Mid Murray (DC),28383,0,14197,0,0,0,0,0,0,0,0,12108,39,6685,11881,3391,310,0,597,1521
44340,Mitcham (C),9252,10293,910,54609,32573,129377,0,2274,25905,193096,35421,77701,3378,238980,48714,3418,3184,42108,1984,1871
44550,Mount Barker (DC),22763,8771,3834,447,2302,0,0,0,24229,985,0,21621,10437,46590,23783,18491,9914,1561,1719,1619
44620,Mount Gambier (C),52120,220,2995,3543,768,45,13084,21642,657,7778,22865,25604,8600,107357,14841,38776,10124,11704,4982,7648
44830,Mount Remarkable (DC),528,0,0,0,0,47,0,0,0,0,0,269,287,1799,2252,344,0,0,1451,724
45040,Murray Bridge (RC),18493,0,101944,0,0,7251,76218,0,257,2604,0,1686,205,11121,2349,102,12849,148,437,1213
45090,Naracoorte and Lucindale (DC),77782,497,25886,8335,0,0,53569,25278,26945,0,0,331,0,15806,15777,202,32897,1715,610,1156
45120,Northern Areas (DC),486,0,0,0,0,0,0,0,0,2245,0,14304,38,540,226,5247,30983,23,620,0
45290,Norwood Payneham St Peters (C),6263,1728,11983,51136,49592,443,26106,0,4928,197416,91899,15321,7129,66573,2047,3695,5318,24914,1313,0
45340,Onkaparinga (C),15329,2076,0,8735,26036,3486,19647,25118,14304,149610,64293,122234,22391,402637,47976,13493,2596,5984,14391,652
45400,Orroroo/Carrieton (DC),6453,0,0,0,0,0,0,0,0,0,0,0,0,64564,0,0,122,7198,0,287
45540,Peterborough (DC),261,0,0,0,0,0,0,0,0,0,0,397,103,810,175,0,0,171,0,0
45680,Playford (C),22752,0,5932,1434,0,741,6074,1198,441,0,61999,0,0,153412,2088,0,3639,0,1307,2743
45890,Port Adelaide Enfield (C),25524,71832,70139,13080,169151,20618,26729,5250,0,363228,291008,205249,4531,89000,30728,17855,2816,29767,15695,8771
46090,Port Augusta (C),10296,867,683,614,2421,0,277,0,662,604,0,12152,2485,17882,12797,4348,11675,1323,3879,4584
46300,Port Lincoln (C),11416,20504,694,716,516,318,68,21858,741,930,194,13729,8723,26847,9342,6934,4316,11027,7919,972
46450,Port Pirie City and Dists (M),7712,0,68,0,0,0,0,0,0,0,0,789,95,8581,990,528,2102,0,17045,1074
46510,Prospect (C),852,0,473,741,42002,0,0,0,0,15852,0,0,30176,662,3646,0,1206,19992,91,656
46670,Renmark Paringa (DC),2618,49630,5195,0,432,71,131279,2038,4717,700,0,36669,19207,23788,21836,16521,34562,8902,4114,11390
46860,Robe (DC),4566,1811,173,1607,786,0,0,477,0,0,0,3998,4369,18439,4445,2894,5145,2644,1561,5878
46970,Roxby Downs (M),1884,0,0,96,0,0,0,0,0,0,0,0,0,0,50,0,0,0,0,0
47140,Salisbury (C),38843,23747,54717,18464,199147,3334,34295,7157,418,499142,182795,15631,13666,54961,67652,1637,67704,0,6339,58254
47290,Southern Mallee (DC),0,0,0,0,0,0,29213,0,0,0,0,13311,399,905,250,0,311,0,0,287
47490,Streaky Bay (DC),3266,0,58,0,0,0,0,0,445,0,0,247,287,1927,5638,208,1507,2832,316,744
47630,Tatiara (DC),41167,2415,0,0,0,0,1326,259,3587,2055,0,849,2849,1867,4817,0,2758,8269,2008,1255
47700,Tea Tree Gully (C),29236,0,5453,0,34104,15100,16572,0,6720,28866,120422,8599,1138,92980,0,0,1014,0,0,0
47800,The Coorong (DC),1805,0,0,2500,143,6437,0,0,0,4481,0,430,287,3447,6586,545,676,189,2412,1198
47910,Tumby Bay (DC),1301,0,0,15,0,0,0,0,0,0,0,0,352,1723,2688,0,0,1364,0,0
47980,Unley (C),71608,9211,52055,30379,50913,17182,11040,0,31107,169274,49405,2827,11245,34803,10743,12559,6151,9992,1510,0
48050,Victor Harbor (C),9481,407,460,8846,847,924,167,0,40569,2182,2189,8069,5934,81862,19436,1310,8457,7928,3047,1485
48130,Wakefield (DC),0,0,0,0,0,0,14387,431,0,0,0,0,0,313,755,80,0,0,142,287
48260,Walkerville (M),166,0,8567,602,1076,0,0,0,0,48729,18777,0,0,6506,0,668,2633,0,0,0
48340,Wattle Range (DC),4661,561,359,1144,0,0,961,954,0,290,0,16093,1179,13298,6565,2288,17812,2517,1060,2078
48410,West Torrens (C),6852,7885,75227,18534,62628,91523,40421,39609,168436,204144,297133,5561,3515,65797,11537,8414,9041,12605,2833,3534
48540,Whyalla (C),11155,0,0,1060,505,16857,0,0,148,0,74448,12445,1174,14035,6283,6636,160,109,2575,112
48640,Wudinna (DC),1223,0,0,0,0,0,0,0,0,0,0,14807,0,224,695,1010,717,0,0,0
48750,Yankalilla (DC),33098,150,345,180,517,0,0,568,17208,1873,0,1982,4265,15250,10083,155,6678,459,1175,1536
48830,Yorke Peninsula (DC),6943,2250,0,0,0,1399,0,0,0,0,0,2155,1508,4419,8626,292,9838,0,928,1173
49399,Unincorporated SA,59294,289,126,6139,2940,4925,1009,15777,22909,129,13679,101951,25788,30431,35991,11871,12278,2428,6445,10424
50080,Albany (C),66072,28185,12402,48355,19343,6858,161145,14051,5275,15906,4557,68600,75677,339743,101551,31061,212121,70140,29933,19204
50210,Armadale (C),119195,1723,5941,39242,134683,69897,6975,16408,154801,53173,143415,35877,4208,189073,73663,7334,22975,559,6560,9264
50250,Ashburton (S),263244,16155,2307,25912,73239,25416,830,51525,1014,33583,18798,505874,22832,133805,92846,13311,31372,19360,19500,16605
50280,Augusta-Margaret River (S),83263,75010,16761,155594,53009,3995,271666,3801,48792,26635,5066,144049,64183,416206,97624,35367,113181,86914,26784,25234
50350,Bassendean (T),7583,16236,14393,524,3581,13082,15370,574,0,51312,23775,12737,0,61278,2505,0,0,5049,1070,0
50420,Bayswater (C),89578,116387,62559,32571,84061,78012,138555,23129,129886,263494,208712,33048,4651,308864,60362,35145,80034,42090,3197,13474
50490,Belmont (C),114290,22431,74421,45425,141550,67632,96450,39194,241890,143135,93771,24873,43659,88270,6514,23369,4850,24743,24806,11671
50560,Beverley (S),0,0,0,0,0,0,0,0,0,0,0,0,148,232,101,0,0,0,0,293
50630,Boddington (S),5817,0,0,0,0,0,0,6607,0,0,50742,1339,0,3489,1023,0,0,0,57,0
50770,Boyup Brook (S),20073,0,0,0,0,0,0,0,0,0,0,0,0,28711,1289,634,0,0,0,0
50840,Bridgetown-Greenbushes (S),15550,0,5042,53,0,572,0,0,0,0,0,5135,253,4619,496,2007,3331,1209,1312,2293
50910,Brookton (S),25573,0,0,584,0,0,0,0,0,96,292,0,0,4453,0,0,14438,5573,269,0
50980,Broome (S),111630,4437,63508,11077,4864,3980,94261,14908,72709,7571,1872,158149,82947,279961,163225,41338,95307,46870,48270,38557
51080,Broomehill-Tambellup (S),0,0,0,0,0,0,0,0,0,0,0,6504,39278,9125,401,0,0,0,0,0
51120,Bruce Rock (S),7515,0,0,0,0,0,0,0,0,0,0,0,0,6184,0,0,0,0,0,0
51190,Bunbury (C),88836,10593,25814,19073,26250,23192,34659,2007,156273,23327,24020,21512,10093,182958,78587,15109,51401,45785,30808,9830
51260,Busselton (C),93975,5666,8297,59020,123578,33045,38799,10301,44503,69370,4813,91668,24210,429864,28371,49729,32379,23585,13511,15418
51310,Cambridge (T),10978,11667,32484,27036,74872,7432,18737,13888,5439,91906,33046,84889,17565,181686,85880,71654,79393,49927,10030,8930
51330,Canning (C),278001,168325,380600,368246,1195309,441964,496602,52458,377616,1374885,402002,123289,77989,301080,50358,5247,93443,33868,9508,6669
51400,Capel (S),1901,3724,0,0,298,0,999,0,0,1917,19315,8120,0,26429,11595,1230,452,0,243,0
51470,Carnamah (S),7862,0,0,0,0,0,0,0,0,0,0,0,1186,6718,925,1367,6363,143,2009,0
51540,Carnarvon (S),31646,77142,52153,1153,23,4773,96018,2608,21642,4952,390,31801,2623,49890,108807,12771,47974,22858,17784,24798
51610,Chapman Valley (S),7893,0,0,0,0,158,0,0,0,0,0,76,573,0,1156,0,0,0,236,948
51680,Chittering (S),410,3707,0,6948,5860,2302,0,0,6848,0,0,0,0,26197,1304,0,4831,284,3462,0
51750,Claremont (T),8782,21167,12495,26529,29404,11200,5166,2945,0,66882,26469,8989,18507,80780,0,24624,20429,1766,1804,2049
51820,Cockburn (C),67753,3385,72466,283211,134379,36967,78528,18547,1598,153626,63260,25883,151772,364745,65612,13708,44451,165201,15004,5832
51890,Collie (S),45024,0,0,0,2708,667,7328,0,0,0,619,7024,243,326,333,352,88,844,566,428
51960,Coolgardie (S),5053,2113,6426,0,0,325,0,16786,0,0,0,2273,287,41548,2166,259,387,1008,0,0
52030,Coorow (S),0,0,0,0,0,158,0,0,0,0,0,528,995,15548,1362,167,3588,0,527,641
52100,Corrigin (S),6006,0,0,145,0,0,0,0,0,0,0,0,42,12448,6638,0,356,0,218,124
52170,Cottesloe (T),5538,1778,23165,5776,2462,2680,0,783,0,23794,26001,25625,8707,255179,46884,12220,7050,377,9457,3603
52240,Cranbrook (S),2347,0,0,0,0,0,0,0,0,0,0,0,3893,18808,6741,3642,0,0,0,0
52310,Cuballing (S),154,0,0,0,0,1228,0,0,0,0,0,1676,931,8422,1371,0,167,0,0,0
52380,Cue (S),17764,0,0,0,0,0,0,0,0,0,0,0,711,776,545,0,0,89,0,382
52450,Cunderdin (S),0,0,0,494,0,0,0,0,0,0,0,0,1823,4557,154,0,0,0,0,0
52520,Dalwallinu (S),30759,508,181,0,0,198,0,0,0,0,0,281,0,9303,4791,167,0,0,24,0
52590,Dandaragan (S),41881,1181,2944,7580,5510,269,761,789,773,4862,0,8061,2314,28706,20291,3966,5076,5728,17403,11080
52660,Dardanup (S),7292,0,0,1222,720,0,0,383,0,0,0,335,0,1860,0,0,0,0,924,0
52730,Denmark (S),10677,1950,17101,9446,6868,826,6872,1827,66,232,502,12318,7404,36288,19052,2689,9061,7296,5016,6054
52800,Derby-West Kimberley (S),142903,24286,47,63,0,168,16273,2027,990,0,0,35113,30404,37455,39740,2201,14910,6755,14302,9840
52870,Donnybrook-Balingup (S),2057,5180,34221,0,5508,515,144258,1615,82399,0,0,4158,0,13348,37445,1209,10561,12507,8738,174
52940,Dowerin (S),0,0,0,0,0,0,0,0,0,0,0,1782,0,0,0,0,1033,0,0,0
53010,Dumbleyung (S),0,0,0,0,193,0,364,0,0,0,0,0,0,0,0,0,0,0,298,0
53080,Dundas (S),4833,0,200,1583,116,761,727,0,129,0,0,9037,1033,17831,8014,2234,3379,5747,1219,3403
53150,East Fremantle (T),948,0,194,100,90,3706,260,203,0,0,13482,5213,5270,19247,9201,19315,3273,0,1858,0
53220,East Pilbara (S),132191,2151,232,52,563,17485,63,3490,33279,0,891,46010,5959,33836,39497,2832,29909,7623,1298,3505
53290,Esperance (S),90129,13713,989,4477,4527,1169,3669,337,6480,5670,848,11857,10324,112346,88595,22362,47154,12345,11406,17223
53360,Exmouth (S),46523,3810,1253,2263,1608,168,2348,2091,2256,185068,2721,128743,7122,91253,93353,30917,39757,22248,23796,37603
53430,Fremantle (C),101128,34916,24587,96172,55346,36002,124015,57095,2985,38647,15885,231664,37097,747843,215298,152149,274643,151091,53247,32965
53570,Gingin (S),5016,0,279,3049,2340,805,48027,109,2777,232,19,17092,788,43738,72160,31952,15397,3442,4094,4489
53640,Gnowangerup (S),16711,0,0,0,0,0,0,0,0,0,0,0,2885,0,5734,0,0,0,24,0
53710,Goomalling (S),0,0,0,185,0,0,0,0,0,0,0,0,0,9301,0,3364,0,0,880,0
53780,Gosnells (C),113114,53295,143536,130885,167908,75021,321317,58178,40277,267170,291293,15200,7420,282672,18974,10519,0,5298,7608,0
53800,Greater Geraldton (C),79184,38240,5693,56175,13424,15662,21744,11274,36619,4369,7507,67984,35062,176719,59756,7838,63043,4076,10910,46682
53920,Halls Creek (S),13398,1414,116,0,84,772,17,3286,190,11304,0,7534,695,4909,117156,924,5283,552,3759,7074
53990,Harvey (S),5524,0,2669,2918,35268,3081,50329,445,79353,77,18447,2177,168,32736,2163,0,50714,9865,1873,535
54060,Irwin (S),4382,739,0,528,1085,322,0,3513,575,143,0,5935,2744,12044,5782,553,25219,359,607,2275
54130,Jerramungup (S),8859,0,0,241,58,0,0,0,0,135,0,3742,253,5265,2058,2138,1023,0,993,486
54170,Joondalup (C),150004,56713,234497,87253,189361,86968,26589,33961,46014,78102,78730,148469,49481,1502652,107367,31960,53640,60731,25986,23754
54200,Kalamunda (S),41785,8837,3768,38541,22839,9555,0,11499,691,49497,80014,6780,32731,223060,6757,0,1665,4408,7855,4623
54280,Kalgoorlie/Boulder (C),123246,2924,35614,2537,18257,8594,18853,48230,1647,74770,33408,37976,49727,184476,84518,15838,33229,4693,6075,8921
54310,Karratha (C),330866,5189,100955,18793,25491,37192,32370,22176,52503,52970,97026,180049,76666,126319,41663,7518,178631,12091,18402,1149
54340,Katanning (S),32945,0,0,986,861,0,0,0,0,0,0,3157,5772,12124,40028,7839,0,0,0,0
54410,Kellerberrin (S),0,0,0,0,0,0,0,0,0,0,0,0,0,0,0,0,0,0,241,0
54480,Kent (S),0,0,0,0,0,0,0,0,0,0,0,13385,0,0,0,0,0,0,131,0
54550,Kojonup (S),341,0,0,633,0,61,0,0,0,0,0,1578,0,28313,322,27175,3133,3707,142,0
54620,Kondinin (S),103590,520,1154,1112,1421,614,558,0,531,926,0,1200,2155,28507,4965,1929,545,1892,11987,2590
54690,Koorda (S),9378,0,0,0,0,0,0,0,0,0,0,0,0,0,0,0,0,0,0,0
54760,Kulin (S),1334,340,0,170,0,0,0,0,0,0,0,0,0,79,0,0,224,0,0,0
54830,Kwinana (C),28997,3178,0,18526,11648,19516,18,0,13085,4274,110438,22561,5458,68174,0,0,2298,0,9621,173
54900,Lake Grace (S),40577,0,5114,723,572,0,0,0,0,128,0,0,0,34408,1073,5262,2283,0,980,475
54970,Laverton (S),17739,0,0,0,0,325,0,22799,0,0,0,0,137,4039,67,1101,7796,511,148,380
55040,Leonora (S),2104,0,0,0,0,2264,0,829,0,176,4494,1528,1131,29784,1745,469,771,269,132,461
55110,Mandurah (C),189922,7111,1878,77421,47435,70433,23047,34408,68213,21034,68093,83568,19343,380627,50228,2627,26938,29995,5274,2157
55180,Manjimup (S),39955,26638,49865,15839,4319,14013,172428,905,22686,4495,1776,33940,9438,59107,29451,1990,75244,101990,4767,8369
55250,Meekatharra (S),6337,0,2970,52,0,101,6195,0,0,1916,0,1999,949,6959,5289,378,3990,0,1388,712
55320,Melville (C),125435,154916,131571,343670,412738,223460,193019,68755,126988,357745,173464,162029,16374,598845,211962,24447,31206,43830,8654,11004
55390,Menzies (S),619,0,0,0,0,0,0,4648,0,0,0,0,0,405,0,0,235,0,464,265
55460,Merredin (S),28737,0,0,0,0,0,0,0,0,44922,0,480,84,11255,1621,7881,591,0,1203,5262
55530,Mingenew (S),0,0,0,0,0,0,0,0,0,0,0,453,0,0,161,0,0,0,0,0
55600,Moora (S),13960,0,0,207,0,5567,0,5997,0,0,2117,1045,0,19526,7665,8309,3562,0,0,822
55670,Morawa (S),3359,0,0,0,0,0,0,1156,0,0,0,0,0,22922,192,3701,0,0,331,0
55740,Mosman Park (T),18255,0,7451,2389,12572,2746,0,26601,0,41947,3618,12836,8754,126179,60090,11906,9129,123770,688,3409
55810,Mount Magnet (S),1153,0,147,0,94,0,0,0,559,0,0,10058,0,27559,2483,59,267,4532,740,574
55880,Mount Marshall (S),0,0,0,0,0,0,0,0,0,0,0,0,0,15962,2411,0,0,0,0,60
55950,Mukinbudin (S),1376,0,0,0,0,0,0,0,10319,0,0,998,0,0,14155,0,0,0,0,0
56090,Mundaring (S),55752,18204,2297,1543,1771,8320,26753,2614,7342,3683,0,17355,8986,102297,11146,4088,0,1041,2073,18727
56160,Murchison (S),535,0,0,0,0,0,0,0,0,0,0,0,0,846,52,0,0,0,0,0
56230,Murray (S),13026,0,0,1063,1804,1937,0,28836,52,0,0,0,1895,28007,437,186,1607,138,673,530
56300,Nannup (S),591,0,0,373,0,0,0,0,0,0,0,34332,0,3676,7383,17897,69,0,1549,195
56370,Narembeen (S),6902,0,0,0,0,0,24902,0,0,0,0,0,0,3455,2359,74836,0,569,0,0
56460,Narrogin (S),20043,371,0,594,0,0,1613,0,691,0,0,160,310,14439,13753,141,8421,593,392,177
56580,Nedlands (C),64921,100726,94029,346752,275486,101597,34440,4627,15746,785719,43869,38399,5686,123671,37908,16073,8362,24116,12446,25255
56620,Ngaanyatjarraku (S),2722,0,0,0,0,0,0,0,0,0,0,0,4168,0,206,0,313,45,214,68
56730,Northam (S),29763,107,0,2493,6060,462,0,159,14,0,1961,14323,1362,22973,298,396,2118,2225,1604,814
56790,Northampton (S),24965,3242,3900,8699,3320,5468,3598,1064,1790,7044,260,20813,6770,45103,55910,14305,18737,5488,8911,21229
56860,Nungarin (S),0,0,0,0,0,0,0,0,0,0,0,0,0,0,0,0,0,0,0,0
56930,Peppermint Grove (S),0,0,322,1406,0,7383,0,2359,0,0,0,0,0,709,9149,100,0,0,1605,0
57000,Perenjori (S),217,0,0,0,0,0,0,0,0,0,0,0,0,12370,0,0,0,0,0,5664
57080,Perth (C),1949090,1075214,928316,1047848,1136231,500524,1263083,153847,1181269,1880051,430893,2130180,574597,3111406,1426584,459866,1509678,739521,239869,269428
57140,Pingelly (S),0,0,0,0,0,0,0,0,0,0,0,680,409,0,0,0,0,0,0,0
57210,Plantagenet (S),4422,0,2283,851,293,0,0,382,0,143,299,9699,4641,15200,6553,1932,5765,718,1719,1876
57280,Port Hedland (T),317544,8202,25286,1001,14423,18086,9840,19082,91802,30178,46963,105715,4287,105365,43915,553,116049,1377,9062,6790
57350,Quairading (S),0,0,0,0,0,0,0,0,0,0,0,0,0,777,2887,0,0,0,131,0
57420,Ravensthorpe (S),2322,0,0,199,0,0,0,0,0,929,0,0,968,9858,1766,2824,490,7767,2545,2199
57490,Rockingham (C),232074,12970,8443,29148,16334,25147,46103,35706,24190,54585,30071,126152,16398,811792,55667,8454,2945,31855,23774,41423
57630,Sandstone (S),418,0,0,0,0,0,0,0,0,0,0,176,0,1068,604,0,68,0,330,0
57700,Serpentine-Jarrahdale (S),10539,0,2509,11683,16667,0,0,7408,0,0,3376,9583,2331,91138,388,0,19356,4642,6808,686
57770,Shark Bay (S),10745,8985,3198,3822,1820,522,1948,314,2725,2945,108,28429,3015,87765,66998,9633,16676,11245,14592,26214
57840,South Perth (C),77294,124214,154292,289901,234781,127215,135133,24361,312790,401250,104101,105323,32157,276530,39787,22089,100743,6945,4388,9665
57910,Stirling (C),349733,242965,233803,178227,397039,166921,105200,149298,267584,324114,980501,187329,147332,1377079,115021,132350,130242,282530,50599,103615
57980,Subiaco (C),36959,63872,33868,81293,46704,6480,0,26057,6412,39359,13906,24209,43300,452979,4024,89759,54422,6206,40562,12185
58050,Swan (C),154632,10281,42919,178302,103570,32905,17493,63799,1169,26614,188504,63986,21442,283347,17439,48233,50577,120300,3956,1622
58190,Tammin (S),0,0,0,0,0,0,0,0,0,0,0,0,0,0,0,0,0,0,0,0
58260,Three Springs (S),0,524,0,0,0,0,0,0,0,0,0,0,0,0,8962,0,0,0,526,0
58330,Toodyay (S),8783,0,0,2883,76,0,305,7309,0,0,0,0,705,7642,3412,0,0,0,1181,1043
58400,Trayning (S),8885,0,0,0,0,0,0,0,0,0,0,0,0,0,0,0,0,0,0,535
58470,Upper Gascoyne (S),0,0,0,0,0,0,0,0,0,0,0,0,0,2482,1202,0,1373,0,0,1161
58510,Victoria Park (T),89528,77126,371782,187164,164172,140451,60272,24494,317881,376884,87855,136841,13137,172515,103675,90668,29263,38691,8973,6474
58540,Victoria Plains (S),2886,0,0,607,0,1140,305,264,0,0,0,0,77,97,0,0,0,0,310,0
58570,Vincent (C),3796,20966,78753,16743,22007,22527,13901,3129,175959,14835,0,6334,234,78084,16648,67112,56778,79678,1863,794
58610,Wagin (S),0,222,0,0,0,0,0,0,0,0,0,160,0,231,980,426,46749,0,0,293
58680,Wandering (S),0,0,0,0,0,0,0,0,0,0,0,0,0,2227,0,0,0,0,0,0
58760,Wanneroo (C),246522,39348,162189,61689,85222,57119,55617,51669,0,48685,114985,22865,24485,1149498,57227,50628,49330,40578,26220,25661
58820,Waroona (S),0,0,0,0,0,4903,0,13512,0,69,0,6095,0,7121,21886,0,341,10211,449,0
58890,West Arthur (S),961,0,0,0,0,0,0,0,0,0,0,0,0,206,0,0,0,0,0,0
59030,Westonia (S),0,0,0,0,0,0,0,0,0,0,0,0,0,0,0,0,0,0,296,265
59100,Wickepin (S),0,85,0,0,0,0,0,0,0,0,0,0,0,0,736,0,0,0,0,0
59170,Williams (S),24749,0,0,443,0,0,0,0,0,0,0,0,0,8611,0,0,0,0,0,0
59250,Wiluna (S),2844,0,0,15297,0,0,0,0,0,0,0,1607,3320,0,14845,0,11911,511,3037,78
59310,Wongan-Ballidu (S),6472,0,0,0,0,0,0,0,0,0,0,0,378,0,7851,0,0,0,0,0
59320,Woodanilling (S),0,0,0,0,0,0,0,0,0,0,0,0,0,0,0,0,0,66,0,0
59330,Wyalkatchem (S),99,1226,0,0,0,0,0,1864,0,0,0,480,0,8251,2049,0,871,19356,0,0
59340,Wyndham-East Kimberley (S),39736,93300,94,5577,68,1259,62091,896,1212,0,5366,37610,16702,58588,107681,2879,40703,5784,11680,17161
59350,Yalgoo (S),38964,437,0,0,0,0,0,1398,0,0,0,76,0,10540,0,167,0,0,131,72
59360,Yilgarn (S),12483,0,0,0,0,1710,14565,0,0,0,0,192,0,919,2765,0,0,0,253,707
59370,York (S),9853,1895,871,2429,980,149,609,174,0,0,0,3303,80,4756,2163,15054,7428,3472,356,794
60210,Break O'Day (M),8948,0,13091,3549,925,0,1205,140,11824,3102,0,17174,11074,11768,25362,765,6594,839,2395,3656
60410,Brighton (M),1298,0,0,0,0,0,0,0,0,0,0,63,0,0,1773,0,0,0,0,0
60610,Burnie (C),23715,16313,10117,1547,18356,0,3676,7627,3480,7610,48124,21612,5361,45773,19041,162,6163,26,1001,5478
60810,Central Coast (M) (Tas.),21960,0,437,9870,62,0,0,333,0,0,4236,57258,1119,6964,335,736,2063,0,603,756
61010,Central Highlands (M) (Tas.),10095,562,2901,1000,0,0,0,0,0,662,0,4862,206,4599,4611,0,1142,0,778,1124
61210,Circular Head (M),6088,1733,5383,2210,505,15471,78,0,12511,3086,0,12348,6122,30845,5730,457,2331,95,379,2008
61410,Clarence (C),23090,4020,1113,1213,4137,0,78,0,520,15160,0,14619,3777,19950,17305,1610,5083,793,1686,2061
61510,Derwent Valley (M),9702,5406,750,243,42,0,0,0,2630,1434,0,3318,5868,12485,9474,320,4166,350,481,1975
61610,Devonport (C),40311,30516,152123,14712,8051,65,67986,32211,35851,1130,249,20907,6068,24750,19808,18995,33925,999,5082,3460
61810,Dorset (M),3959,0,1666,369,0,0,0,0,0,677,0,6008,2719,3601,2053,519,383,0,580,795
62010,Flinders (M) (Tas.),405,0,0,0,0,0,0,0,0,0,0,0,0,0,0,0,0,0,0,0
62210,George Town (M),380,0,935,2776,0,0,0,0,0,415,0,10939,69,22869,2750,0,0,0,45,0
62410,Glamorgan/Spring Bay (M),12547,5433,19164,16076,19732,764,19104,508,1118,16590,623,51141,26495,36931,37866,6307,11844,4611,13898,11487
62610,Glenorchy (C),1171,36291,2225,739,722,0,0,0,7457,712,0,11537,0,267,311,0,0,0,0,0
62810,Hobart (C),199190,384743,500910,236017,408664,35028,264231,98921,173467,820659,265179,580470,198170,526889,237497,59931,244679,83864,52385,74111
63010,Huon Valley (M),3261,15631,118649,739,2496,0,76722,0,126,381,0,15104,10357,51504,28482,3251,17933,24490,8810,21286
63210,Kentish (M),13190,8095,18711,18473,5044,89,9774,16571,20190,10950,1055,24073,8476,21067,20539,1939,15400,1013,8331,12806
63410,King Island (M),3492,0,0,0,0,0,0,0,0,0,0,1113,0,42258,0,0,0,0,0,1862
63610,Kingborough (M),5556,21638,4751,2649,1565,1065,645,31615,12077,831,4980,34852,933,35744,21586,1188,16453,8897,3046,11050
63810,Latrobe (M) (Tas.),5320,0,0,0,0,0,36091,0,0,0,0,11418,0,15615,1912,0,79,0,0,284
64010,Launceston (C),78909,66441,181673,156709,221451,34867,235882,16639,109506,350632,53934,128700,143341,180280,86228,12774,86577,32294,10255,21350
64210,Meander Valley (M),13161,24728,1170,636,13758,0,14388,0,0,1355,0,67358,1721,49202,3942,1422,7562,7715,699,1189
64610,Northern Midlands (M),12494,237,534,496,270,0,0,149,344,1154,0,980,1846,28190,2193,121,4098,106,215,0
64810,Sorell (M),702,510,0,0,505,0,0,0,0,0,0,2970,145,4256,138,0,156,1296,5360,0
65010,Southern Midlands (M),0,0,2291,0,0,0,0,0,0,426,0,5591,712,127,0,0,1158,1877,0,0
65210,Tasman (M),8296,30448,16190,4827,3118,1442,53529,881,126,45275,335,43688,4988,25591,15705,2047,14563,4027,2870,7410
65410,Waratah/Wynyard (M),3629,1822,0,0,0,7897,0,0,0,0,0,1747,157,5140,2399,1201,797,1044,0,10023
65610,West Coast (M),18185,8833,11746,3843,2436,91,567,228,5220,3251,354,19188,5328,27894,15780,3909,3762,1681,4381,6560
65810,West Tamar (M),0,0,1932,0,219,0,15437,0,0,3024,0,3151,3041,19903,9960,1785,23074,0,0,68
70200,Alice Springs (T),174450,47165,71591,4870,7138,10956,383168,541,91488,17664,19183,555718,56170,271227,257768,58382,152642,45132,64854,68756
70420,Barkly (R),13912,712,445,498,77,353,2785,23,596,2399,0,10399,3060,20422,17843,33188,12844,4765,6188,5584
70540,Belyuen (S),0,0,0,0,0,0,0,0,0,0,0,0,0,0,0,0,0,0,0,0
70620,Central Desert (R),1127,71,0,0,0,2267,0,0,0,0,0,661,0,1130,5300,0,3663,5750,914,927
70700,Coomalie (S),24511,411,47,1552,0,715,3508,667,235,0,0,4930,1894,13764,18795,3074,11046,3244,4728,9246
71000,Darwin (C),496746,733030,94354,146151,38309,451655,892411,163120,233196,312571,174577,704001,157774,1243708,959294,185119,551073,278879,209006,88814
71300,East Arnhem (R),4854,0,0,130,0,16080,0,0,0,0,8641,2703,1887,4824,19121,0,2239,0,3964,0
72200,Katherine (T),40023,21469,4972,8083,271,4390,17888,23,48091,222,329,68980,19646,42155,77525,24799,39893,17419,8925,14126
72300,Litchfield (M),12863,2255,0,7794,7132,0,2767,0,0,0,1338,13803,5531,12638,47949,1316,19883,8336,2238,46518
72330,MacDonnell (R),44214,135522,23835,5975,3303,5196,28111,1162,66125,47471,2757,245152,49162,244386,207043,37489,122046,73195,41702,61661
72800,Palmerston (C),9162,13707,0,0,0,10838,0,0,0,0,0,14110,2100,7788,1350,1006,840,20379,7024,0
73600,Roper Gulf (R),35587,378,1286,748,0,13006,1785,644,235,0,4420,18582,4533,35664,40837,19269,8963,21048,14612,8674
74050,Tiwi Islands (R),0,0,0,0,0,0,0,0,0,0,0,0,0,0,0,0,0,0,0,1599
74550,Victoria Daly (R),5367,631,324,1490,0,329,987,1494,117,0,2626,8639,403,24606,9116,1128,7232,92,3855,7376
74560,Wagait (S),0,0,0,0,0,0,0,0,0,0,0,0,0,0,0,50,0,0,376,91
74660,West Arnhem (R),28327,3370,1523,4579,3283,2160,45284,0,657,426,0,31461,8248,77182,51403,6953,35556,12453,15314,30816
74680,West Daly (R),0,0,0,0,0,0,14903,0,0,0,0,0,0,34638,5794,0,0,0,0,0
79399,Unincorporated NT,2873,0,0,0,0,94,0,1195,305,0,0,18875,3277,53249,15134,2640,2396,1648,4176,5715
89399,Unincorporated ACT,849939,404647,413225,587363,481201,508626,724959,347931,1005578,4009555,953246,1065929,265034,1191394,298504,106834,340192,65627,76800,37623